-- phpMyAdmin SQL Dump
-- version 4.9.1
-- https://www.phpmyadmin.net/
--
-- Host: 127.0.0.1
-- Waktu pembuatan: 24 Mar 2021 pada 13.36
-- Versi server: 10.4.8-MariaDB
-- Versi PHP: 7.3.11

SET SQL_MODE = "NO_AUTO_VALUE_ON_ZERO";
SET AUTOCOMMIT = 0;
START TRANSACTION;
SET time_zone = "+00:00";


/*!40101 SET @OLD_CHARACTER_SET_CLIENT=@@CHARACTER_SET_CLIENT */;
/*!40101 SET @OLD_CHARACTER_SET_RESULTS=@@CHARACTER_SET_RESULTS */;
/*!40101 SET @OLD_COLLATION_CONNECTION=@@COLLATION_CONNECTION */;
/*!40101 SET NAMES utf8mb4 */;

--
-- Database: `baihaqi_app_pembayaranspp`
--

-- --------------------------------------------------------

--
-- Struktur dari tabel `foto_profile`
--

CREATE TABLE `foto_profile` (
  `id_user` int(6) NOT NULL,
  `foto` text DEFAULT 'src\\resources\\image\\user-profile\\default.png'
) ENGINE=InnoDB DEFAULT CHARSET=utf8mb4;

--
-- Dumping data untuk tabel `foto_profile`
--

INSERT INTO `foto_profile` (`id_user`, `foto`) VALUES
(11, 'src\\\\resources\\\\image\\\\user-profile\\\\default-petugas.png'),
(12, 'src\\\\resources\\\\image\\\\user-profile\\\\default-petugas.png'),
(13, 'src\\\\resources\\\\image\\\\user-profile\\\\default-petugas.png'),
(14, 'src\\\\resources\\\\image\\\\user-profile\\\\default-petugas.png'),
(15, 'src\\\\resources\\\\image\\\\user-profile\\\\default-petugas.png'),
(16, 'src\\\\resources\\\\image\\\\user-profile\\\\default-petugas.png'),
(17, 'src\\\\resources\\\\image\\\\user-profile\\\\default-petugas.png'),
(18, 'src\\\\resources\\\\image\\\\user-profile\\\\default-petugas.png'),
(19, 'src\\\\resources\\\\image\\\\user-profile\\\\default-petugas.png'),
(20, 'src\\\\resources\\\\image\\\\user-profile\\\\default-petugas.png'),
(45, 'default'),
(5561, 'src\\resources\\image\\user-profile\\5561_agil_trisnanda_putra.jpg'),
(5566, 'src\\resources\\image\\user-profile\\default.png'),
(5567, 'src\\resources\\image\\user-profile\\5567_atnan_karyanto.jpg'),
(5572, 'src\\resources\\image\\user-profile\\5572_febri_sixca_kusshandy.jpg'),
(5715, 'src\\resources\\image\\user-profile\\5715_dhinno_haryasena.jpg'),
(5911, 'src\\resources\\image\\user-profile\\5911_abdul_fattah_burhanuddin.jpg'),
(5912, 'src\\resources\\image\\user-profile\\5912_abdulloh_kafabi.jpg'),
(5913, 'src\\resources\\image\\user-profile\\5913_achmad_romadoni.jpg'),
(5914, 'src\\resources\\image\\user-profile\\5914_afif_fitra_nugroho.jpg'),
(5915, 'src\\resources\\image\\user-profile\\default.png'),
(5916, 'src\\resources\\image\\user-profile\\5916_ahmad_fauzi_waro.jpg'),
(5917, 'src\\resources\\image\\user-profile\\5917_ahmad_edy_syaputra.jpg'),
(5918, 'src\\resources\\image\\user-profile\\5918_ahmad_riyanto.jpg'),
(5919, 'src\\resources\\image\\user-profile\\5919_andi_wijahnu_prasetyo.jpg'),
(5920, 'src\\resources\\image\\user-profile\\5920_andre_maulana.jpg'),
(5921, 'src\\resources\\image\\user-profile\\5921_arfan_ardiansyah.jpg'),
(5922, 'src\\resources\\image\\user-profile\\5922_asep_habidin_habibi.jpg'),
(5923, 'src\\resources\\image\\user-profile\\5923_bagas_deo_alfiano.jpg'),
(5925, 'src\\resources\\image\\user-profile\\5925_bagus_tri_aditya.jpg'),
(5926, 'src\\resources\\image\\user-profile\\5926_bambang_tri_prasetyo.jpg'),
(5927, 'src\\resources\\image\\user-profile\\5927_bayu_ilham_samudra.jpg'),
(5928, 'src\\resources\\image\\user-profile\\5928_bela_agustiana.jpg'),
(5929, 'src\\resources\\image\\user-profile\\5929_dani_ahmad_afandi.jpg'),
(5930, 'src\\resources\\image\\user-profile\\5930_deni_yuda_mahendra.jpg'),
(5931, 'src\\resources\\image\\user-profile\\5931_didit_antoni.jpg'),
(5932, 'src\\resources\\image\\user-profile\\5932_dilla_nurisma.jpg'),
(5933, 'src\\resources\\image\\user-profile\\5933_dimas_abimanyu.jpg'),
(5934, 'src\\resources\\image\\user-profile\\5934_echa_candra_utama.jpg'),
(5935, 'src\\resources\\image\\user-profile\\5935_ega_rifky_prayoga.jpg'),
(5936, 'src\\resources\\image\\user-profile\\5936_eko_agung_santoso.jpg'),
(5937, 'src\\resources\\image\\user-profile\\5937_elvira_nanda_julia.jpg'),
(5938, 'src\\resources\\image\\user-profile\\5938_ervin_tri_yunaiti.jpg'),
(5939, 'src\\resources\\image\\user-profile\\5939_faiz_lailli_alqurnia.jpg'),
(5940, 'src\\resources\\image\\user-profile\\5940_faizal_dwi_pratama.jpg'),
(5941, 'src\\resources\\image\\user-profile\\5941_fajar_supriyanto.jpg'),
(5942, 'src\\resources\\image\\user-profile\\5942_farel_kurniawan.jpg'),
(5943, 'src\\resources\\image\\user-profile\\5943_febri_setiawan.jpg'),
(5944, 'src\\resources\\image\\user-profile\\5944_feby_ayu_dyah_pitaloka.jpg'),
(5945, 'src\\resources\\image\\user-profile\\5945_firdhaus_aprileo_prasetiyo.jpg'),
(5946, 'src\\resources\\image\\user-profile\\5946_galih_priyanggara.jpg'),
(5947, 'src\\resources\\image\\user-profile\\5947_george_walker_cristian_nebangka.jpg'),
(5948, 'src\\resources\\image\\user-profile\\5948_gilang_nur_fauzi.jpg'),
(5949, 'src\\resources\\image\\user-profile\\5949_gita_sania_sallsa_billa.jpg'),
(5950, 'src\\resources\\image\\user-profile\\5950_habib_dwi_febriansyah.jpg'),
(5951, 'src\\resources\\image\\user-profile\\5951_hendro_wawan_setiyo.jpg'),
(5952, 'src\\resources\\image\\user-profile\\5952_ilham_adinata.jpg'),
(5953, 'src\\resources\\image\\user-profile\\5953_ilham_firmansyah.jpg'),
(5954, 'src\\resources\\image\\user-profile\\5954_imam_khoiri.jpg'),
(5955, 'src\\resources\\image\\user-profile\\5955_ine_octa_firmana_putri.jpg'),
(5956, 'src\\resources\\image\\user-profile\\5956_iqbal_dwi_irawan.jpg'),
(5957, 'src\\resources\\image\\user-profile\\5957_kurniawati.jpg'),
(5958, 'src\\resources\\image\\user-profile\\5958_lucky_rizky_pradana.jpg'),
(5959, 'src\\resources\\image\\user-profile\\5959_m._iqbal_ihyaulumudin.jpg'),
(5960, 'src\\resources\\image\\user-profile\\5960_m._lutfi_ilham_mauludi.jpg'),
(5961, 'src\\resources\\image\\user-profile\\5961_m._rizal_bagus_santoso.jpg'),
(5962, 'src\\resources\\image\\user-profile\\5962_m._sukron_khalim.jpg'),
(5963, 'src\\resources\\image\\user-profile\\5963__m._taufiqurahman.jpg'),
(5964, 'src\\resources\\image\\user-profile\\5964_mahendra_putra_pratama.jpg'),
(5965, 'src\\resources\\image\\user-profile\\5965_mahmud_ali.jpg'),
(5966, 'src\\resources\\image\\user-profile\\5966_miftakhu_rosyidin_auliya.jpg'),
(5967, 'src\\resources\\image\\user-profile\\5967_miftaqul_aripin.jpg'),
(5968, 'src\\resources\\image\\user-profile\\5968_misbahul_irfan_arief.jpg'),
(5969, 'src\\resources\\image\\user-profile\\5969_moch._dimas_figur_awalludin.jpg'),
(5970, 'src\\resources\\image\\user-profile\\5970_moch._imam_ghozali.jpg'),
(5971, 'src\\resources\\image\\user-profile\\5971_mochammad_abdul_azis.jpg'),
(5972, 'src\\resources\\image\\user-profile\\5972_mochammad_ferli.jpg'),
(5973, 'src\\resources\\image\\user-profile\\5973_moh._chafidz_mubashir.jpg'),
(5974, 'src\\resources\\image\\user-profile\\5974_moh._setyoko_andi_luminto.jpg'),
(5975, 'src\\resources\\image\\user-profile\\5975_mohamad_rodzikul_hidayatulloh.jpg'),
(5976, 'src\\resources\\image\\user-profile\\5976_mohammad_nur_huda.jpg'),
(5977, 'src\\resources\\image\\user-profile\\5977_moehammad_suryadi.jpg'),
(5978, 'src\\resources\\image\\user-profile\\5978_muhamad_abdul_ghoni.jpg'),
(5979, 'src\\resources\\image\\user-profile\\5979_muhamad_dzikron_zakya.jpg'),
(5980, 'src\\resources\\image\\user-profile\\5980_muhamad_helmi_khoirur_rizal.jpg'),
(5981, 'src\\resources\\image\\user-profile\\5981_muhammad_abdul_lathif_arrohman.jpg'),
(5982, 'src\\resources\\image\\user-profile\\5982_muhammad_alancika_junikova.jpg'),
(5983, 'src\\resources\\image\\user-profile\\5983_m._khobid_maqbula.jpg'),
(5984, 'src\\resources\\image\\user-profile\\5984_m._hafid_maulana.jpg'),
(5985, 'src\\resources\\image\\user-profile\\5985_m._ifud_firmansyah.jpg'),
(5986, 'src\\resources\\image\\user-profile\\5986_m._ihwan_maulana.jpg'),
(5987, 'src\\resources\\image\\user-profile\\5987_m._naufal_alfarly.jpg'),
(5988, 'src\\resources\\image\\user-profile\\default.png'),
(5989, 'src\\resources\\image\\user-profile\\5989_m._rizal_setiawan.jpg'),
(5990, 'src\\resources\\image\\user-profile\\5990_m._rully_azri.jpg'),
(5991, 'src\\resources\\image\\user-profile\\5991_musa_maliki.jpg'),
(5992, 'src\\resources\\image\\user-profile\\5992_nurfita_anggaraini.jpg'),
(5993, 'src\\resources\\image\\user-profile\\5993_rahayu_swit.jpg'),
(5994, 'src\\resources\\image\\user-profile\\5994_rahmad_ipung.jpg'),
(5995, 'src\\resources\\image\\user-profile\\5995_raihan_dafid.jpg'),
(5996, 'src\\resources\\image\\user-profile\\5996_rathanda_galang.jpg'),
(5997, 'src\\resources\\image\\user-profile\\5997_rengga_putro.jpg'),
(5998, 'src\\resources\\image\\user-profile\\5998_revido_yogi.jpg'),
(5999, 'src\\resources\\image\\user-profile\\5999_rexy_eka.jpg'),
(6000, 'src\\resources\\image\\user-profile\\6000_reza_ardhana.jpg'),
(6001, 'src\\resources\\image\\user-profile\\6001_rico_tulus.jpg'),
(6002, 'src\\resources\\image\\user-profile\\6002_ridho_bagus.jpg'),
(6003, 'src\\resources\\image\\user-profile\\6003_rozan_dawazzarief.jpg'),
(6004, 'src\\resources\\image\\user-profile\\6004_salsabila_firdausi.jpg'),
(6005, 'src\\resources\\image\\user-profile\\6005_sandi_bayu.jpg'),
(6006, 'src\\resources\\image\\user-profile\\6006_sefira_safa.jpg'),
(6007, 'src\\resources\\image\\user-profile\\6007_silvia_juwitasari.jpg'),
(6008, 'src\\resources\\image\\user-profile\\6008_tiara_dini.jpg'),
(6009, 'src\\resources\\image\\user-profile\\6009_vanesa_agustin.jpg'),
(6010, 'src\\resources\\image\\user-profile\\6010_vito_ardiansyah.jpg'),
(6011, 'src\\resources\\image\\user-profile\\6011_wahyu_darma.jpg'),
(6012, 'src\\resources\\image\\user-profile\\6012_yanuar_arif.jpg'),
(6013, 'src\\resources\\image\\user-profile\\6013_yogi_herlambang.jpg'),
(6014, 'src\\resources\\image\\user-profile\\6014_yoyok.jpg'),
(6015, 'src\\resources\\image\\user-profile\\6015_zainindra.jpg'),
(6016, 'src\\resources\\image\\user-profile\\6016_zawalu_shamsi.jpg'),
(6017, 'src\\resources\\image\\user-profile\\default.png'),
(6018, 'src\\resources\\image\\user-profile\\6018_r._winetu.jpg'),
(6019, 'src\\resources\\image\\user-profile\\6019_achmad_isnan_syahroni.jpg'),
(6020, 'src\\resources\\image\\user-profile\\6020_ahmad_andi_kusuma.jpg'),
(6022, 'src\\resources\\image\\user-profile\\6022_angga_pratama_dwi_santoso.jpg'),
(6023, 'src\\resources\\image\\user-profile\\6023_anggun_eka_prinata.jpg'),
(6024, 'src\\resources\\image\\user-profile\\6024_dicky_susilo_utomo.jpg'),
(6025, 'src\\resources\\image\\user-profile\\6025_dimas_candra_adi_tama.jpg'),
(6026, 'src\\resources\\image\\user-profile\\6026_edwin_triono_setiawan.jpg'),
(6029, 'src\\resources\\image\\user-profile\\default.png'),
(6030, 'src\\resources\\image\\user-profile\\default.png'),
(6031, 'src\\resources\\image\\user-profile\\6031_indra_mukti.jpg'),
(6032, 'src\\resources\\image\\user-profile\\6032_irgy_ahmad_rifai.jpg'),
(6034, 'src\\resources\\image\\user-profile\\6034_mayta_reviana.jpg'),
(6035, 'src\\resources\\image\\user-profile\\6035_miftah_maulana.jpg'),
(6036, 'src\\resources\\image\\user-profile\\6036_moch._zulfa_abi_maula_iba.jpg'),
(6037, 'src\\resources\\image\\user-profile\\6037_mochammad_yusuf_setiawan.jpg'),
(6038, 'src\\resources\\image\\user-profile\\6038_mohammad_bayu_andriansyah.jpg'),
(6039, 'src\\resources\\image\\user-profile\\6039_mohammad_dendi_widiono.jpg'),
(6040, 'src\\resources\\image\\user-profile\\6040_muhammad_ilham_hidayat.jpg'),
(6041, 'src\\resources\\image\\user-profile\\6041_muhammad_hani_crifta_agatha.jpg'),
(6042, 'src\\resources\\image\\user-profile\\6042_moch._sayyid_umar.jpg'),
(6043, 'src\\resources\\image\\user-profile\\6043_pandu_dipo_prasetyo.jpg'),
(6044, 'src\\resources\\image\\user-profile\\default.png'),
(6045, 'src\\resources\\image\\user-profile\\6045_rian_prasetyo.jpg'),
(6046, 'src\\resources\\image\\user-profile\\6046_ricko_nur_wahyuda.jpg'),
(6047, 'src\\resources\\image\\user-profile\\6047_ridha_rahmawati.jpg'),
(6048, 'src\\resources\\image\\user-profile\\6048_taufiqa_hidayah.jpg'),
(6049, 'src\\resources\\image\\user-profile\\6049_valyra_lorenza.jpg'),
(6050, 'src\\resources\\image\\user-profile\\6050_wijaya_dwi_aprilianto.jpg'),
(6051, 'src\\resources\\image\\user-profile\\6051_yogi_aditya_nugroho.jpg'),
(6052, 'src\\resources\\image\\user-profile\\6052_abdul_ghofar_alfian.jpg'),
(6053, 'src\\resources\\image\\user-profile\\6053_achmad_bagas_oktavian.jpg'),
(6054, 'src\\resources\\image\\user-profile\\6054_achmad_dahlan.jpg'),
(6055, 'src\\resources\\image\\user-profile\\6055_achmad_frendy_alfianto.jpg'),
(6056, 'src\\resources\\image\\user-profile\\6056_ade_putra_pamungkas.jpg'),
(6057, 'src\\resources\\image\\user-profile\\6057_adnan_habib.jpg'),
(6058, 'src\\resources\\image\\user-profile\\6058_agus_rifai.jpg'),
(6059, 'src\\resources\\image\\user-profile\\6059_ahmad_fajar_valintino.jpg'),
(6060, 'src\\resources\\image\\user-profile\\6060_ahmad_feri_nur_irfan_syah.jpg'),
(6061, 'src\\resources\\image\\user-profile\\6061_ahmad_karomain.jpg'),
(6062, 'src\\resources\\image\\user-profile\\default.png'),
(6063, 'src\\resources\\image\\user-profile\\6063_ahmad_syarifudin.jpg'),
(6064, 'src\\resources\\image\\user-profile\\6064_alfandi_yusuf_prabowo.jpg'),
(6065, 'src\\resources\\image\\user-profile\\6065_amirul_habib_alamsyah.jpg'),
(6066, 'src\\resources\\image\\user-profile\\default.png'),
(6067, 'src\\resources\\image\\user-profile\\6067_angger_tri_prayogo.jpg'),
(6068, 'src\\resources\\image\\user-profile\\6068_ardi_yanuwar_saputra.jpg'),
(6069, 'src\\resources\\image\\user-profile\\6069_arip_afriyanto.jpg'),
(6070, 'src\\resources\\image\\user-profile\\6070_ayoung_pebrian_jagad_pramudya.jpg'),
(6071, 'src\\resources\\image\\user-profile\\6071_bima_aditya.jpg'),
(6072, 'src\\resources\\image\\user-profile\\6072_dani_riswana.jpg'),
(6073, 'src\\resources\\image\\user-profile\\6073_dhani_aldi_ardiansyah.jpg'),
(6074, 'src\\resources\\image\\user-profile\\6074_dicky_setyo_wahyudi.jpg'),
(6075, 'src\\resources\\image\\user-profile\\6075_didik_azis_prasetyo.jpg'),
(6076, 'src\\resources\\image\\user-profile\\6076_difa_dwi_sunarko.jpg'),
(6077, 'src\\resources\\image\\user-profile\\6077_dimas_dwi_ari_prasetyo.jpg'),
(6078, 'src\\resources\\image\\user-profile\\6078_donny_anggara.jpg'),
(6079, 'src\\resources\\image\\user-profile\\6079_dwi_sukma_indarto.jpg'),
(6080, 'src\\resources\\image\\user-profile\\6080_eric_febriansyah.jpg'),
(6081, 'src\\resources\\image\\user-profile\\6081_fahrul_firmansyah.jpg'),
(6082, 'src\\resources\\image\\user-profile\\6082_faisal_basri.jpg'),
(6083, 'src\\resources\\image\\user-profile\\default.png'),
(6084, 'src\\resources\\image\\user-profile\\6084_farid_abdul_wakhid.jpg'),
(6085, 'src\\resources\\image\\user-profile\\6085_faridlotul_nur_rozak.jpg'),
(6086, 'src\\resources\\image\\user-profile\\6086_febri_catur_wiijaya.jpg'),
(6087, 'src\\resources\\image\\user-profile\\6087_fery_fermansyah.jpg'),
(6088, 'src\\resources\\image\\user-profile\\6088_galang_setiawan.jpg'),
(6089, 'src\\resources\\image\\user-profile\\6089_ginanjar_hidayatulloh.jpg'),
(6090, 'src\\resources\\image\\user-profile\\6090_hadi_wiranata.jpg'),
(6091, 'src\\resources\\image\\user-profile\\6091_haffidz_affif_mahendra.jpg'),
(6092, 'src\\resources\\image\\user-profile\\6092_hafiz_adytama_perdana.jpg'),
(6093, 'src\\resources\\image\\user-profile\\6093_herdyan_oktaviano.jpg'),
(6094, 'src\\resources\\image\\user-profile\\6094_imam_ghozali.jpg'),
(6095, 'src\\resources\\image\\user-profile\\6095_iqbal_putra_oseandri.jpg'),
(6096, 'src\\resources\\image\\user-profile\\6096_irgifa_cahyono.jpg'),
(6097, 'src\\resources\\image\\user-profile\\default.png'),
(6098, 'src\\resources\\image\\user-profile\\default.png'),
(6099, 'src\\resources\\image\\user-profile\\6099_kasianto.jpg'),
(6100, 'src\\resources\\image\\user-profile\\6100_kevin_ryo_junior.jpg'),
(6101, 'src\\resources\\image\\user-profile\\6101_m._faisal_najib.jpg'),
(6102, 'src\\resources\\image\\user-profile\\6102_m._zainul_baktiar.jpg'),
(6103, 'src\\resources\\image\\user-profile\\6103_miftahul_abidin.jpg'),
(6104, 'src\\resources\\image\\user-profile\\6104_moch._rizki_dwi_putra.jpg'),
(6106, 'src\\resources\\image\\user-profile\\6106_mohamad_mauludin.jpg'),
(6107, 'src\\resources\\image\\user-profile\\6107_mohamad_nur_alim.jpg'),
(6108, 'src\\resources\\image\\user-profile\\6108_mohammad_dian_saputra.jpg'),
(6109, 'src\\resources\\image\\user-profile\\6109_mohammad_yufi_zika_praditya.jpg'),
(6110, 'src\\resources\\image\\user-profile\\6110_muhamad_maulana_iqbal.jpg'),
(6111, 'src\\resources\\image\\user-profile\\6111_muhamad_rizal_agustian.jpg'),
(6112, 'src\\resources\\image\\user-profile\\6112_muhammad_aditya_putra_pratama.jpg'),
(6113, 'src\\resources\\image\\user-profile\\6113_muhammad_aditya_romadhon.jpg'),
(6114, 'src\\resources\\image\\user-profile\\6114_muhammad_cholik.jpg'),
(6115, 'src\\resources\\image\\user-profile\\6115_muhammad_faqihudin.jpg'),
(6116, 'src\\resources\\image\\user-profile\\6116_muhammad_ilham_roziqin.jpg'),
(6117, 'src\\resources\\image\\user-profile\\6117_muhammad_infijarun_niami.jpg'),
(6119, 'src\\resources\\image\\user-profile\\6119_muhammad_syaifurrozaqi.jpg'),
(6120, 'src\\resources\\image\\user-profile\\6120_muhammad_zaini.jpg'),
(6121, 'src\\resources\\image\\user-profile\\6121_muliyadi_eko_purnomo.jpg'),
(6122, 'src\\resources\\image\\user-profile\\6122_natanael_hepi_valentino.jpg'),
(6123, 'src\\resources\\image\\user-profile\\6123_niko_afandi.jpg'),
(6124, 'src\\resources\\image\\user-profile\\6124_nova_saputra.jpg'),
(6125, 'src\\resources\\image\\user-profile\\6125_parul_silap.jpg'),
(6126, 'src\\resources\\image\\user-profile\\6126_pramudya_ramadhani.jpg'),
(6127, 'src\\resources\\image\\user-profile\\6127_prastio_budhi_pratama.jpg'),
(6128, 'src\\resources\\image\\user-profile\\6128__ragil_agista.jpg'),
(6129, 'src\\resources\\image\\user-profile\\6129_rendra_awang.jpg'),
(6130, 'src\\resources\\image\\user-profile\\6130_revaldo_anggara_putra.jpg'),
(6131, 'src\\resources\\image\\user-profile\\6131_revina_verin.jpg'),
(6132, 'src\\resources\\image\\user-profile\\6132_reyno_dany.jpg'),
(6133, 'src\\resources\\image\\user-profile\\6133_rian_aditya_ramadhani.jpg'),
(6134, 'src\\resources\\image\\user-profile\\6134_rio_fajar.jpg'),
(6135, 'src\\resources\\image\\user-profile\\6135_rizky_andika.jpg'),
(6136, 'src\\resources\\image\\user-profile\\default.png'),
(6137, 'src\\resources\\image\\user-profile\\6137_rizal_kurniawan.jpg'),
(6138, 'src\\resources\\image\\user-profile\\6138_rizaldi_nur_ardiansyah.jpg'),
(6139, 'src\\resources\\image\\user-profile\\6139_riski_arif.jpg'),
(6140, 'src\\resources\\image\\user-profile\\6140_risy_ardiansyah.jpg'),
(6141, 'src\\resources\\image\\user-profile\\6141_rizky_dwi_arianto.jpg'),
(6142, 'src\\resources\\image\\user-profile\\6142_rian_andika.jpg'),
(6143, 'src\\resources\\image\\user-profile\\6143_riyan_pradana.jpg'),
(6144, 'src\\resources\\image\\user-profile\\6144_satria_candra.jpg'),
(6145, 'src\\resources\\image\\user-profile\\6145_septian_dwi_prakoso'),
(6146, 'src\\resources\\image\\user-profile\\6146_sukma_tantya.jpg'),
(6147, 'src\\resources\\image\\user-profile\\6147_surya_adi_saputra.jpg'),
(6148, 'src\\resources\\image\\user-profile\\6148_tio_ferdinan.jpg'),
(6149, 'src\\resources\\image\\user-profile\\6149_valentino_akbar.jpg'),
(6150, 'src\\resources\\image\\user-profile\\6150_vicky_latif.jpg'),
(6151, 'src\\resources\\image\\user-profile\\6151_wahyu_jagad.jpg'),
(6152, 'src\\resources\\image\\user-profile\\6152_wisnu_krisdianto.jpg'),
(6153, 'src\\resources\\image\\user-profile\\6153_yogi_syahrul_syaputra.jpg'),
(6154, 'src\\resources\\image\\user-profile\\6154_yusril_hidayat.jpg'),
(6155, 'src\\resources\\image\\user-profile\\default.png'),
(6156, 'src\\resources\\image\\user-profile\\6156_achmad_baihaqi.jpg'),
(6157, 'src\\resources\\image\\user-profile\\6157_ade_raihan_mahsa.jpg'),
(6158, 'src\\resources\\image\\user-profile\\6158_adelia_puteri_gita_novita_sari.jpg'),
(6159, 'src\\resources\\image\\user-profile\\6159_adetya_wardani.jpg'),
(6160, 'src\\resources\\image\\user-profile\\6160_agung_tri_laksono.jpg'),
(6161, 'src\\resources\\image\\user-profile\\6161_ahmad_ansori.jpg'),
(6162, 'src\\resources\\image\\user-profile\\6162_ahmad_rozikul_akbar.jpg'),
(6163, 'src\\resources\\image\\user-profile\\6163_amalia_devi_fitriana.jpg'),
(6164, 'src\\resources\\image\\user-profile\\6164_ananta_eka_prayoga.jpg'),
(6165, 'src\\resources\\image\\user-profile\\6165_aning_rahma_ambar_sari.jpg'),
(6166, 'src\\resources\\image\\user-profile\\6166_arahma_handayani.jpg'),
(6167, 'src\\resources\\image\\user-profile\\6167_bella_alfyo_alda_yulanda.jpg'),
(6168, 'src\\resources\\image\\user-profile\\6168_cantika_dea_mareta.jpg'),
(6169, 'src\\resources\\image\\user-profile\\6169_cindy_qaula_agustin.jpg'),
(6170, 'src\\resources\\image\\user-profile\\6170_david_aldian_hidayat.jpg'),
(6171, 'src\\resources\\image\\user-profile\\6171_deky_reza_saputra.jpg'),
(6172, 'src\\resources\\image\\user-profile\\6172_didin_rakfil_beniafan.jpg'),
(6173, 'src\\resources\\image\\user-profile\\6173_disma_eka_nurtanti.jpg'),
(6174, 'src\\resources\\image\\user-profile\\6174_diva_sabriana.jpg'),
(6175, 'src\\resources\\image\\user-profile\\6175_dwi_windarti.jpg'),
(6176, 'src\\resources\\image\\user-profile\\6176_elok_fadhilah_marta.jpg'),
(6178, 'src\\resources\\image\\user-profile\\6178_fadia_irsania_putri.jpg'),
(6179, 'src\\resources\\image\\user-profile\\6179_fahrezian_arya_bima.jpg'),
(6180, 'src\\resources\\image\\user-profile\\6180_fatur_riandy.jpg'),
(6181, 'src\\resources\\image\\user-profile\\default.png'),
(6182, 'src\\resources\\image\\user-profile\\6182_halim_bagus_perdana.jpg'),
(6184, 'src\\resources\\image\\user-profile\\6184_ike_handayani.jpg'),
(6185, 'src\\resources\\image\\user-profile\\6185_ilham_maulana.jpg'),
(6186, 'src\\resources\\image\\user-profile\\6186_inna_fatahna.jpg'),
(6187, 'src\\resources\\image\\user-profile\\6187_julia_sabrina_putri.jpg'),
(6188, 'src\\resources\\image\\user-profile\\6188_kristina_apriliya.jpg'),
(6189, 'src\\resources\\image\\user-profile\\6189_m._arifin_mustofa.jpg'),
(6190, 'src\\resources\\image\\user-profile\\6190_m._nur_kholis_chu_enk_yunani.jpg'),
(6191, 'src\\resources\\image\\user-profile\\6191_mar_atunnufita_sari.jpg'),
(6192, 'src\\resources\\image\\user-profile\\6192_mellyana_tundjung.jpg'),
(6193, 'src\\resources\\image\\user-profile\\6193_mia_indi_rahayu.jpg'),
(6194, 'src\\resources\\image\\user-profile\\6194_mohammad_istafid_fidllal_islam.jpg'),
(6195, 'src\\resources\\image\\user-profile\\6195_muchammad_farid.jpg'),
(6196, 'src\\resources\\image\\user-profile\\6196_muh._raffi_ramadhan.jpg'),
(6198, 'src\\resources\\image\\user-profile\\6198_muhammad_bintang_ichtiar.jpg'),
(6199, 'src\\resources\\image\\user-profile\\6199_nanang_abdul_cholil.jpg'),
(6200, 'src\\resources\\image\\user-profile\\6200_novita_ayu_ismawati.jpg'),
(6201, 'src\\resources\\image\\user-profile\\6201_nurul_hamidatul_ala.jpg'),
(6202, 'src\\resources\\image\\user-profile\\6202_nyiurrahma_aurora_awaliyah.jpg'),
(6203, 'src\\resources\\image\\user-profile\\6203_pangestu_hadi_wijaya.jpg'),
(6204, 'src\\resources\\image\\user-profile\\6204_perkasa_bayu_utama.jpg'),
(6205, 'src\\resources\\image\\user-profile\\6205_perkasa_yuda_utama.jpg'),
(6206, 'src\\resources\\image\\user-profile\\6206_putri_nazila.jpg'),
(6207, 'src\\resources\\image\\user-profile\\6207_rahma_cahyani.jpg'),
(6208, 'src\\resources\\image\\user-profile\\6208_rahmalia_ariani.jpg'),
(6209, 'src\\resources\\image\\user-profile\\6209_rangga_dimas_prayoga.jpg'),
(6210, 'src\\resources\\image\\user-profile\\6210_rangga_wahyu_irawan.jpg'),
(6211, 'src\\resources\\image\\user-profile\\6211_ravillya_shafa_ramadhani_suseno.jpg'),
(6212, 'src\\resources\\image\\user-profile\\6212_reni_ratna_sari.jpg'),
(6213, 'src\\resources\\image\\user-profile\\6213_retno_yunita_putri.jpg'),
(6214, 'src\\resources\\image\\user-profile\\6214_rohma_darul_istiqomah.jpg'),
(6215, 'src\\resources\\image\\user-profile\\6215_septi_eka_vera_mulya_sari.jpg'),
(6216, 'src\\resources\\image\\user-profile\\6216_setyawati.jpg'),
(6217, 'src\\resources\\image\\user-profile\\6217_siska_aprilya.jpg'),
(6218, 'src\\resources\\image\\user-profile\\6218_siti_rukanah.jpg'),
(6219, 'src\\resources\\image\\user-profile\\6219_sukma_meynda_sari.jpg'),
(6220, 'src\\resources\\image\\user-profile\\6220_syahdhanimahes_rayendra.jpg'),
(6221, 'src\\resources\\image\\user-profile\\6221_ulandari_setia_ningrum.jpg'),
(6222, 'src\\resources\\image\\user-profile\\6222_vanni_dinda_prameswari.jpg'),
(6223, 'src\\resources\\image\\user-profile\\6223_wahyu_ramadhani.jpg'),
(6224, 'src\\resources\\image\\user-profile\\6224_yessi_widya_valiana.jpg'),
(6225, 'src\\resources\\image\\user-profile\\6225_yoga_kurniawan_wahyudi.jpg'),
(6226, 'src\\resources\\image\\user-profile\\6226_yovanda_alvinan_mahendra.jpg'),
(6227, 'src\\resources\\image\\user-profile\\6227_yunita_wulandari.jpg'),
(6228, 'src\\resources\\image\\user-profile\\6228_aditya_wahyu_nugraha.jpg'),
(6229, 'src\\resources\\image\\user-profile\\6229_agustin_wulandari.jpg'),
(6230, 'src\\resources\\image\\user-profile\\6230_aisyafah_azra_decha_maharani.jpg'),
(6231, 'src\\resources\\image\\user-profile\\6231_alya_salma_mustika.jpg'),
(6232, 'src\\resources\\image\\user-profile\\6232_alyna_ardhiya_mangesti.jpg'),
(6233, 'src\\resources\\image\\user-profile\\6233_amelia_meitasari.jpg'),
(6234, 'src\\resources\\image\\user-profile\\6234_ana_nur_septiani.jpg'),
(6235, 'src\\resources\\image\\user-profile\\6235_angela_tri_avrilya.jpg'),
(6236, 'src\\resources\\image\\user-profile\\6236_anggi_yulianti.jpg'),
(6237, 'src\\resources\\image\\user-profile\\6237_anisa_natalia_putri.jpg'),
(6238, 'src\\resources\\image\\user-profile\\6238_aurora_amrita_sari.jpg'),
(6240, 'src\\resources\\image\\user-profile\\6240_binti_madatul_ulya.jpg'),
(6241, 'src\\resources\\image\\user-profile\\6241_cintia_dwi_permata_sari.jpg'),
(6242, 'src\\resources\\image\\user-profile\\6242_defa_wahyu_saputra.jpg'),
(6243, 'src\\resources\\image\\user-profile\\6243_dian_puspita_sari.jpg'),
(6244, 'src\\resources\\image\\user-profile\\6244_dian_septiana.jpg'),
(6245, 'src\\resources\\image\\user-profile\\6245_dinda_oktaviana.jpg'),
(6246, 'src\\resources\\image\\user-profile\\6246_dita_ayu_wulandari.jpg'),
(6247, 'src\\resources\\image\\user-profile\\6247_dwi_kristanti.jpg'),
(6248, 'src\\resources\\image\\user-profile\\6248_eli_nopitasari.jpg'),
(6249, 'src\\resources\\image\\user-profile\\6249_elvina_dwi_dara_pusfita.jpg'),
(6250, 'src\\resources\\image\\user-profile\\6250_fadila_umi_juniarni.jpg'),
(6251, 'src\\resources\\image\\user-profile\\6251_ferdiana_ayuningtyas.jpg'),
(6252, 'src\\resources\\image\\user-profile\\6252_ferdita_ayu_kirana.jpg'),
(6253, 'src\\resources\\image\\user-profile\\6253_fildzi_hapzarini.jpg'),
(6254, 'src\\resources\\image\\user-profile\\6254_finna_deshinta_patricia.jpg'),
(6255, 'src\\resources\\image\\user-profile\\6255_firnanda_irapuspita.jpg'),
(6256, 'src\\resources\\image\\user-profile\\6256_fredy_prenandy.jpg'),
(6257, 'src\\resources\\image\\user-profile\\6257_galung_jati_waluyo.jpg'),
(6258, 'src\\resources\\image\\user-profile\\6258_hendrik_dwi_cahyo.jpg'),
(6259, 'src\\resources\\image\\user-profile\\6259_juli_sun_maulany.jpg'),
(6260, 'src\\resources\\image\\user-profile\\6260_kareenina_puspa_maharani.jpg'),
(6261, 'src\\resources\\image\\user-profile\\6261_kholifatul_khusnah.jpg'),
(6262, 'src\\resources\\image\\user-profile\\6262_kurnia_azizah.jpg'),
(6263, 'src\\resources\\image\\user-profile\\6263_lina_trisnawati_rahayu.jpg'),
(6299, 'src\\resources\\image\\user-profile\\6299_ade_rema_fernanda.jpg'),
(6300, 'src\\resources\\image\\user-profile\\6300_adinda_yunitasari.jpg'),
(6301, 'src\\resources\\image\\user-profile\\6301_amirotus_solekah.jpg'),
(6302, 'src\\resources\\image\\user-profile\\6302_ananda_utari.jpg'),
(6304, 'src\\resources\\image\\user-profile\\6304_anggie_diva_kharisma_kesuma_wardana.jpg'),
(6305, 'src\\resources\\image\\user-profile\\6305_anita.jpg'),
(6306, 'src\\resources\\image\\user-profile\\6306_anjeli_laksmi_putri_pratama.jpg'),
(6307, 'src\\resources\\image\\user-profile\\6307_arsilia_wulan_dari.jpg'),
(6308, 'src\\resources\\image\\user-profile\\6308_arvia_hidayatul_mustafidz.jpg'),
(6309, 'src\\resources\\image\\user-profile\\6309_asfiatul_laily_elsanti.jpg'),
(6310, 'src\\resources\\image\\user-profile\\6310_athiva_nur_sabiah.jpg'),
(6311, 'src\\resources\\image\\user-profile\\6311_aura_luhur_rahma.jpg'),
(6312, 'src\\resources\\image\\user-profile\\6312_avira_ayu_anggraini.jpg'),
(6313, 'src\\resources\\image\\user-profile\\6313_ayu_eka_ashari.jpg'),
(6314, 'src\\resources\\image\\user-profile\\6314_cynthia_putri_aprilianti.jpg'),
(6315, 'src\\resources\\image\\user-profile\\6315_della_putri_mutika_windi.jpg'),
(6316, 'src\\resources\\image\\user-profile\\6316_devi_eka_sari.jpg'),
(6317, 'src\\resources\\image\\user-profile\\6317_diah_ayu_ramadhani.jpg'),
(6318, 'src\\resources\\image\\user-profile\\6318_diyah_elno_larasati.jpg'),
(6319, 'src\\resources\\image\\user-profile\\6319_eliska_putri_prindarti.jpg'),
(6320, 'src\\resources\\image\\user-profile\\6320_esti_laili_rahmawati.jpg'),
(6321, 'src\\resources\\image\\user-profile\\6321_evi_ika_marliani.jpg'),
(6322, 'src\\resources\\image\\user-profile\\6322_evi_nurajizah.jpg'),
(6323, 'src\\resources\\image\\user-profile\\6323_fayza_nur_akkillah.jpg'),
(6324, 'src\\resources\\image\\user-profile\\6324_febi_hanum_badriyah.jpg'),
(6325, 'src\\resources\\image\\user-profile\\6325_firda_heppy_maherdian.jpg'),
(6326, 'src\\resources\\image\\user-profile\\6326_gyas_febi_ariyanti.jpg'),
(6327, 'src\\resources\\image\\user-profile\\default.png'),
(6328, 'src\\resources\\image\\user-profile\\6328_ike_rishma_novita_sari.jpg'),
(6329, 'src\\resources\\image\\user-profile\\6329_ilul_sinung_pramesti.jpg'),
(6330, 'src\\resources\\image\\user-profile\\6330_ira_kusumawati.jpg'),
(6331, 'src\\resources\\image\\user-profile\\6331_irma_dwiyanti.jpg'),
(6332, 'src\\resources\\image\\user-profile\\6332_kharisma_aulya_fadila.jpg'),
(6333, 'src\\resources\\image\\user-profile\\6333_libryana_putri_santoso.jpg'),
(6334, 'src\\resources\\image\\user-profile\\6334_liya_agustin.jpg');

-- --------------------------------------------------------

--
-- Struktur dari tabel `kelas`
--

CREATE TABLE `kelas` (
  `id_kelas` char(9) NOT NULL,
  `nama_kelas` varchar(10) NOT NULL,
  `level_kelas` enum('X','XI','XII','XIII') NOT NULL,
  `jurusan` enum('TPM','TITL','TOI','TBG','TBS','RPL') NOT NULL
) ENGINE=InnoDB DEFAULT CHARSET=utf8mb4;

--
-- Dumping data untuk tabel `kelas`
--

INSERT INTO `kelas` (`id_kelas`, `nama_kelas`, `level_kelas`, `jurusan`) VALUES
('x.rpl1', 'X-RPL-1', 'X', 'RPL'),
('x.rpl2', 'X-RPL-2', 'X', 'RPL'),
('x.tbg1', 'X-TBG-1', 'X', 'TBG'),
('x.tbg2', 'X-TBG-2', 'X', 'TBG'),
('x.tbs1', 'X-TBS-1', 'X', 'TBS'),
('x.tbs2', 'X-TBS-2', 'X', 'TBS'),
('x.titl1', 'X-TITL-1', 'X', 'TITL'),
('x.titl2', 'X-TITL-2', 'X', 'TITL'),
('x.titl3', 'X-TITL-3', 'X', 'TITL'),
('x.toi1', 'X-TOI-1', 'X', 'TOI'),
('x.tpm1', 'X-TPM-1', 'X', 'TPM'),
('x.tpm2', 'X-TPM-2', 'X', 'TPM'),
('x.tpm3', 'X-TPM-3', 'X', 'TPM'),
('xi.rpl1', 'XI-RPL-1', 'XI', 'RPL'),
('xi.rpl2', 'XI-RPL-2', 'XI', 'RPL'),
('xi.tbg1', 'XI-TBG-1', 'XI', 'TBG'),
('xi.tbg2', 'XI-TBG-2', 'XI', 'TBG'),
('xi.tbs1', 'XI-TBS-1', 'XI', 'TBS'),
('xi.tbs2', 'XI-TBS-2', 'XI', 'TBS'),
('xi.titl1', 'XI-TITL-1', 'XI', 'TITL'),
('xi.titl2', 'XI-TITL-2', 'XI', 'TITL'),
('xi.titl3', 'XI-TITL-3', 'XI', 'TITL'),
('xi.toi1', 'XI-TOI-1', 'XI', 'TOI'),
('xi.tpm1', 'XI-TPM-1', 'XI', 'TPM'),
('xi.tpm2', 'XI-TPM-2', 'XI', 'TPM'),
('xi.tpm3', 'XI-TPM-3', 'XI', 'TPM'),
('xii.rpl1', 'XII-RPL-1', 'XII', 'RPL'),
('xii.rpl2', 'XII-RPL-2', 'XII', 'RPL'),
('xii.tbg1', 'XII-TBG-1', 'XII', 'TBG'),
('xii.tbg2', 'XII-TBG-2', 'XII', 'TBG'),
('xii.tbs1', 'XII-TBS-1', 'XII', 'TBS'),
('xii.tbs2', 'XII-TBS-2', 'XII', 'TBS'),
('xii.titl1', 'XII-TITL-1', 'XII', 'TPM'),
('xii.titl2', 'XII-TITL-2', 'XII', 'TITL'),
('xii.titl3', 'XII-TITL-3', 'XII', 'TITL'),
('xii.toi1', 'XII-TOI-1', 'XII', 'TOI'),
('xii.tpm1', 'XII-TPM-1', 'XII', 'TPM'),
('xii.tpm2', 'XII-TPM-2', 'XII', 'TPM'),
('xii.tpm3', 'XII-TPM-3', 'XII', 'TPM'),
('xiii.toi1', 'XIII-TOI-1', 'XIII', 'TOI');

-- --------------------------------------------------------

--
-- Struktur dari tabel `login`
--

CREATE TABLE `login` (
  `id_user` varchar(50) NOT NULL
) ENGINE=InnoDB DEFAULT CHARSET=utf8mb4;

--
-- Dumping data untuk tabel `login`
--

INSERT INTO `login` (`id_user`) VALUES
('6202');

-- --------------------------------------------------------

--
-- Struktur dari tabel `pembayaran`
--

CREATE TABLE `pembayaran` (
  `id_pembayaran` varchar(10) NOT NULL,
  `id_petugas` int(6) NOT NULL,
  `nis` int(6) NOT NULL,
  `bln_bayar` enum('Januari','Februari','Maret','April','Mei','Juni','Juli','Agustus','September','Oktober','November','Desember') NOT NULL,
  `thn_bayar` int(4) NOT NULL,
  `jml_bayar` int(11) DEFAULT 0,
  `tgl_bayar` date NOT NULL,
  `id_spp` int(2) NOT NULL
) ENGINE=InnoDB DEFAULT CHARSET=utf8mb4;

--
-- Dumping data untuk tabel `pembayaran`
--

INSERT INTO `pembayaran` (`id_pembayaran`, `id_petugas`, `nis`, `bln_bayar`, `thn_bayar`, `jml_bayar`, `tgl_bayar`, `id_spp`) VALUES
('TR000001', 111, 6156, 'Januari', 2021, 135000, '0000-00-00', 12),
('TR000002', 12, 6156, 'Desember', 2020, 135000, '2021-03-13', 12);

-- --------------------------------------------------------

--
-- Struktur dari tabel `petugas`
--

CREATE TABLE `petugas` (
  `id_petugas` int(6) NOT NULL,
  `username` varchar(50) NOT NULL,
  `nama_petugas` varchar(50) NOT NULL,
  `gender` enum('L','P') NOT NULL,
  `tempat_lahir` varchar(50) DEFAULT 'Indonesia',
  `tanggal_lahir` date DEFAULT '2000-01-01',
  `alamat` text DEFAULT 'Jawa Timur, Indonesia',
  `no_hp` varchar(15) NOT NULL,
  `email` varchar(60) NOT NULL,
  `password` varchar(50) NOT NULL,
  `level` enum('admin','petugas') NOT NULL
) ENGINE=InnoDB DEFAULT CHARSET=utf8mb4;

--
-- Dumping data untuk tabel `petugas`
--

INSERT INTO `petugas` (`id_petugas`, `username`, `nama_petugas`, `gender`, `tempat_lahir`, `tanggal_lahir`, `alamat`, `no_hp`, `email`, `password`, `level`) VALUES
(11, 'admin', 'Administrator', 'L', 'Indonesia', '2003-08-04', 'Jawa Timur, Indonesia', '085655864624', 'administrator@gmail.com', '123', 'admin'),
(12, 'levi', 'Levi Ackerman', 'L', 'Indonesia', '1980-12-25', 'Jawa Timur, Indonesia', '088756913783', 'leviackerman@gmail.com', '123', 'admin'),
(13, 'eren', 'Eren Jaeger', 'L', 'Indonesia', '2001-03-30', 'Jawa Timur, Indonesia', '085854127691', 'erenjeager@gmail.com', '123', 'admin'),
(14, 'mikasa', 'Mikasa Ackerman', 'P', 'Indonesia', '2001-02-10', 'Jawa Timur, Indonesia', '085745892457', 'mikasackerman@gmail.com', '123', 'admin'),
(15, 'armin', 'Armin Arlert', 'L', 'Indonesia', '2000-11-03', 'Jawa Timur, Indonesia', '085723549012', 'arminarlert@gmail.com', '123', 'admin'),
(16, 'petugas', 'Petugas SPP', 'L', 'Indonesia', '2003-08-04', 'Jawa Timur, Indonesia', '085609346790', 'baihaqi.myapps@gmail.com', '123', 'petugas'),
(17, 'reiner', 'Reiner Braun', 'L', 'Indonesia', '2000-01-01', 'Jawa Timur, Indonesia', '085635789471', 'reinerbraun@gmail.com', '123', 'petugas'),
(18, 'falco', 'Falco Grice', 'L', 'Indonesia', '2000-01-01', 'Jawa Timur, Indonesia', '085754908354', 'falcogrice@gmail.com', '123', 'petugas'),
(19, 'sasha', 'Sasha Blouse', 'P', 'Indonesia', '2000-06-27', 'Jawa Timur, Indonesia', '085780781276', 'sashabraus@gmail.com', '123', 'petugas'),
(20, 'hange', 'Hange Zoe', 'P', 'Indonesia', '1995-09-05', 'Jawa Timur, Indonesia', '085891239346', 'hangezoe@gmail.com', '123', 'petugas'),
(45, 'chu', 'M. Nur Kholis Chu Enk Yunani', 'L', 'Indonesia', '2000-01-01', 'Jawa Timur, Indonesia', '0234', 'kfdlsa', 'D', 'admin');

-- --------------------------------------------------------

--
-- Struktur dari tabel `siswa`
--

CREATE TABLE `siswa` (
  `nis` int(6) NOT NULL,
  `nama_siswa` varchar(50) NOT NULL,
  `gender` enum('L','P') NOT NULL,
  `tempat_lhr` varchar(50) DEFAULT 'Indonesia',
  `tanggal_lhr` date DEFAULT '2020-01-01',
  `alamat` text DEFAULT 'Jawa Timur, Indonesia',
  `id_kelas` char(9) NOT NULL,
  `no_hp` varchar(15) NOT NULL,
  `email` varchar(60) NOT NULL,
  `nama_wali` varchar(50) DEFAULT 'Manusia',
  `id_spp` int(2) NOT NULL
) ENGINE=InnoDB DEFAULT CHARSET=utf8mb4;

--
-- Dumping data untuk tabel `siswa`
--

INSERT INTO `siswa` (`nis`, `nama_siswa`, `gender`, `tempat_lhr`, `tanggal_lhr`, `alamat`, `id_kelas`, `no_hp`, `email`, `nama_wali`, `id_spp`) VALUES
(5561, 'Agil Trisnanda Putra', 'L', 'Nganjuk', '2001-09-05', 'Nganjuk, Indonesia', 'x.toi1', '085784689152', 'agiltrisnandaputra@gmail.com', 'Manusia 112', 20),
(5566, 'Ario Faris Erwanto', 'L', 'Nganjuk', '2001-10-15', 'Nganjuk, Indonesia', 'x.toi1', '085731387753', 'ario.erwanto@gmail.com', 'Manusia 116', 20),
(5567, 'Atnan Karyanto', 'L', 'Nganjuk', '2002-05-29', 'Nganjuk, Indonesia', 'x.toi1', '082234722609', 'atnankaryanto9@gmail.com', 'Manusia 117', 20),
(5572, 'Febri Sixca Kusshandy', 'L', 'Nganjuk', '2002-02-06', 'Nganjuk, Indonesia', 'xi.toi1', '085735243243', 'febrikusshandy10@gmail.com', 'Manusia 121', 19),
(5715, 'Dhinno Haryasena', 'L', 'Jombang', '2001-10-06', 'Jombang, Indonesia', 'x.rpl2', '081233093715', 'dhinosena@gmail.com', 'Manusia 267', 20),
(5911, 'Abdul Fattah Burhanuddin', 'L', 'Nganjuk', '2002-09-15', 'Nganjuk, Indonesia', 'x.titl1', '087825323132', 'ba299596@gmail.com', 'Manusia 1', 20),
(5912, 'Abdulloh Kafabi', 'L', 'Nganjuk', '2003-01-29', 'Nganjuk, Indonesia', 'x.titl1', '080981734812', 'abdullohkaf@gmail.com', 'Manusia 2', 20),
(5913, 'Achmad Romadoni', 'L', 'Kediri', '2002-11-14', 'Kediri, Indonesia', 'x.titl1', '083849503086', 'oyitarpak12@gmail.com', 'Manusia 3', 20),
(5914, 'Afif Fitra Nugroho', 'L', 'Nganjuk', '2001-12-17', 'Nganjuk, Indonesia', 'x.titl1', '082223490056', 'afifnugroho1995@gmail.com', 'Manusia 4', 20),
(5915, 'Aga Deva Kharisma', 'L', 'Nganjuk', '2002-09-09', 'Nganjuk, Indonesia', 'x.titl1', '089756124356', 'agadeve123@gmail.com', 'Manusia 5', 20),
(5916, 'Ahmad Fauzi Waro', 'L', 'Kediri', '2003-05-16', 'Kediri, Indonesia', 'x.titl1', '085893072338', 'ahmadfauziwaro2015@gmail.com', 'Manusia 7', 20),
(5917, 'Ahmad Edy Syaputra', 'L', 'Kediri', '2003-03-27', 'Kediri, Indonesia', 'x.titl1', '082131788391', 'edyputra378kuhp@gmail.com', 'Manusia 6', 20),
(5918, 'Ahmad Riyanto', 'L', 'Jombang', '2002-08-14', 'Jombang, Indonesia', 'x.titl1', '085735973607', 'riyan2ribu2@gmail.com', 'Manusia 8', 20),
(5919, 'Andi Wijahnu Prasetyo', 'L', 'Nganjuk', '2002-10-23', 'Nganjuk, Indonesia', 'x.titl1', '085708298074', 'andiprasetyo0737@gmail.com', 'Manusia 9', 20),
(5920, 'Andre Maulana', 'L', 'Nganjuk', '2003-02-01', 'Nganjuk, Indonesia', 'x.titl1', '082231253269', 'andresaga987@gmail.com', 'Manusia 10', 20),
(5921, 'Arfan Ardiansyah', 'L', 'Kediri', '2002-04-24', 'Kediri, Indonesia', 'x.titl1', '082230816950', 'arfanardiansyah438@gmail.com', 'Manusia 11', 20),
(5922, 'Asep Habidin Habibi', 'L', 'Nganjuk', '2002-03-27', 'Nganjuk, Indonesia', 'x.titl2', '085210513845', 'asephabidinhabibi@gmail.com', 'Manusia 12', 20),
(5923, 'Bagas Deo Alfiano', 'L', 'Nganjuk', '2003-01-15', 'Nganjuk, Indonesia', 'x.titl2', '085648663916', 'bagasdioalfiano@gmail.com', 'Manusia 13', 20),
(5925, 'Bagus Tri Aditya', 'L', 'Nganjuk', '2003-01-14', 'Nganjuk, Indonesia', 'x.titl2', '081230229048', 'killerbie368@gmail.com', 'Manusia 14', 20),
(5926, 'Bambang Tri Prasetyo', 'L', 'Nganjuk', '2002-10-05', 'Nganjuk, Indonesia', 'x.titl2', '081358308462', 'bambangaj824@gmail.com', 'Manusia 15', 20),
(5927, 'Bayu Ilham Samudra', 'L', 'Kediri', '2003-05-08', 'Kediri, Indonesia', 'x.titl2', '081217002468', 'bayusartam12@gmail.com', 'Manusia 16', 20),
(5928, 'Bela Agustiana', 'P', 'Kediri', '2002-12-03', 'Kediri, Indonesia', 'x.titl2', '085812116074', 'belaagustiana123@gmail.com', 'Manusia 17', 20),
(5929, 'Dani Ahmad Afandi', 'L', 'Nganjuk', '2003-01-20', 'Nganjuk, Indonesia', 'x.titl2', '081234558480', 'daniahmadafandi20@gmail.com', 'Manusia 18', 20),
(5930, 'Deni Yuda Mahendra', 'L', 'Nganjuk', '2003-08-17', 'Nganjuk, Indonesia', 'x.titl2', '081358333984', 'deniyuda.dm@gmail.com', 'Manusia 19', 20),
(5931, 'Didit Antoni', 'L', 'Nganjuk', '2002-12-20', 'Nganjuk, Indonesia', 'x.titl2', '087885482782', 'modemobal@gmail.com', 'Manusia 20', 20),
(5932, 'Dilla Nurisma', 'P', 'Kediri', '2003-02-14', 'Kediri, Indonesia', 'x.titl2', '085796274136', 'dillanurisma189@gmail.com', 'Manusia 21', 20),
(5933, 'Dimas Abimanyu', 'L', 'Berau', '2002-04-17', 'Berau, Indonesia', 'x.titl2', '089612542416', 'dimasgendon1922@gmail.com', 'Manusia 22', 20),
(5934, 'Echa Candra Utama', 'L', 'Kediri', '2003-05-31', 'Kediri, Indonesia', 'x.titl3', '085706142064', 'echacandrautama1980@gmail.com', 'Manusia 23', 20),
(5935, 'Ega Rifky Prayoga', 'L', 'Nganjuk', '2002-06-22', 'Nganjuk, Indonesia', 'x.titl3', '085230327799', 'egarifkyprayoga@gmail.com', 'Manusia 24', 20),
(5936, 'Eko Agung Santoso', 'L', 'Kediri', '2003-05-03', 'Kediri, Indonesia', 'x.titl3', '087721809658', 'dekasastra12@gmail.com', 'Manusia 25', 20),
(5937, 'Elvira Nanda Julia', 'P', 'Nganjuk', '2003-07-12', 'Nganjuk, Indonesia', 'x.titl3', '085230646614', 'nandajuliaelvira@gmail.com', 'Manusia 26', 20),
(5938, 'Ervin Tri Yunaiti', 'P', 'Kediri', '2002-01-26', 'Kediri, Indonesia', 'x.titl3', '081554983163', 'ervin7724@gmail.com', 'Manusia 27', 20),
(5939, 'Faiz Lailli Alqurnia', 'L', 'Jombang', '2002-12-25', 'Jombang, Indonesia', 'x.titl3', '082131027123', 'faizla1225@gmail.com', 'Manusia 28', 20),
(5940, 'Faizal Dwi Pratama', 'L', 'Nganjuk', '2002-09-30', 'Nganjuk, Indonesia', 'x.titl3', '085731873871', 'axmoon13@gmail.com', 'Manusia 29', 20),
(5941, 'Fajar Supriyanto', 'L', 'Nganjuk', '2002-10-18', 'Nganjuk, Indonesia', 'x.titl3', '083845096810', 'cratosc983@gmail.com', 'Manusia 30', 20),
(5942, 'Farel Kurniawan', 'L', 'Tegal', '2003-09-11', 'Tegal, Indonesia', 'x.titl3', '083850398247', 'fareleleven@gmail.com', 'Manusia 31', 20),
(5943, 'Febri Setiawan', 'L', 'Nganjuk', '2003-04-06', 'Nganjuk, Indonesia', 'x.titl3', '085784055874', 'wawanohno@gmail.com', 'Manusia 32', 20),
(5944, 'Feby Ayu Dyah Pitaloka', 'P', 'Nganjuk', '2002-02-18', 'Nganjuk, Indonesia', 'x.titl3', '082244125591', 'febyayudyahpitaloka@gmail.com', 'Manusia 33', 20),
(5945, 'Firdhaus Aprileo Prasetiyo', 'L', 'Nganjuk', '2002-04-01', 'Nganjuk, Indonesia', 'xi.titl1', '085231816357', 'firdausyanto4@gmail.com', 'Manusia 34', 19),
(5946, 'Galih Priyanggara', 'L', 'Kediri', '2003-01-04', 'Kediri, Indonesia', 'xi.titl1', '085816641250', 'galihprianggara@gmail.com', 'Manusia 35', 19),
(5947, 'George Walker Cristian Nebangka', 'L', 'Nganjuk', '2003-03-27', 'Nganjuk, Indonesia', 'xi.titl1', '087759275783', 'georgetian112@gmail.com', 'Manusia 37', 19),
(5948, 'Gilang Nur Fauzi', 'L', 'Nganjuk', '2002-12-20', 'Nganjuk, Indonesia', 'xi.titl1', '089812459087', 'gilangnur1@gmail.com', 'Manusia 38', 19),
(5949, 'Gita Sania Sallsa Billa', 'P', 'Nganjuk', '2002-09-29', 'Nganjuk, Indonesia', 'xi.titl1', '089516516507', 'gitasania407@gmail.com', 'Manusia 39', 19),
(5950, 'Habib Dwi Febriansyah', 'L', 'Nganjuk', '2003-02-09', 'Nganjuk, Indonesia', 'xi.titl1', '085708307620', 'habibfebriansyah453@gmail.com', 'Manusia 40', 19),
(5951, 'Hendro Wawan Setiyo', 'L', 'Jombang', '2002-04-28', 'Jombang, Indonesia', 'xi.titl1', '087770612033', 'hendrosetiyo123456@gmail.com', 'Manusia 41', 19),
(5952, 'Ilham Adinata', 'L', 'Nganjuk', '2002-07-21', 'Nganjuk, Indonesia', 'xi.titl1', '085755136624', 'ilhamadinata17@gmail.com', 'Manusia 42', 19),
(5953, 'Ilham Firmansyah', 'L', 'Nganjuk', '2002-11-30', 'Nganjuk, Indonesia', 'xi.titl1', '089671056706', 'ilhamfirman224@gmail.com', 'Manusia 43', 19),
(5954, 'Imam Khoiri', 'L', 'Nganjuk', '2002-07-10', 'Nganjuk, Indonesia', 'xi.titl1', '082231537345', 'imamkhoiri@gmail.com', 'Manusia 44', 19),
(5955, 'Ine Octa Firmana Putri', 'P', 'Nganjuk', '2002-10-12', 'Nganjuk, Indonesia', 'xi.titl1', '0895381059784', 'ineeocta1210@gmail.com', 'Manusia 45', 19),
(5956, 'Iqbal Dwi Irawan', 'L', 'Nganjuk', '2002-02-12', 'Nganjuk, Indonesia', 'xi.titl2', '085792308976', 'iqbaldwi484@gmail.com', 'Manusia 46', 19),
(5957, 'Kurniawati', 'P', 'Nganjuk', '2003-03-08', 'Nganjuk, Indonesia', 'xi.titl2', '083845886913', 'kurniawatikurniawati92851@gmail.com', 'Manusia 47', 19),
(5958, 'Lucky Rizky Pradana', 'L', 'Nganjuk', '2002-06-11', 'Nganjuk, Indonesia', 'xi.titl2', '087703382480', 'luckypradana116@gmail.com', 'Manusia 48', 19),
(5959, 'M. Iqbal Ihya ulumudin', 'L', 'Indonesia', '2002-08-07', 'Jawa Timur, Indonesia', 'xi.titl2', '088092903423', 'm.iqbalihyaulumudin@gmail.com', 'Manusia 49', 19),
(5960, 'M. Lutfi Ilham Mauludi', 'L', 'Nganjuk', '2002-05-24', 'Nganjuk, Indonesia', 'xi.titl2', '081336785905', 'Lutfiilham674@gmail.com', 'Manusia 50', 19),
(5961, 'M. Rizal Bagus Santoso', 'L', 'Nganjuk', '2002-03-21', 'Nganjuk, Indonesia', 'xi.titl2', '082142524671', 'bagusrizal073@gmail.com', 'Manusia 51', 19),
(5962, 'M. Sukron Khalim', 'L', 'Nganjuk', '2002-12-15', 'Nganjuk, Indonesia', 'xi.titl2', '085606658782', 'sukronkhalim@gmail.com', 'Manusia 52', 19),
(5963, ' M. Taufiqurahman', 'L', 'Malang', '2002-01-11', 'Malang, Indonesia', 'xi.titl3', '089712457689', 'taufiqur3423@gmail.com', 'Manusia 65', 19),
(5964, 'Mahendra Putra Pratama', 'L', 'Nganjuk', '2002-07-12', 'Nganjuk, Indonesia', 'xi.titl2', '085655044218', 'mahendraputrapratama13@gmail.com', 'Manusia 53', 19),
(5965, 'Mahmud Ali', 'L', 'Kediri', '2002-02-14', 'Kediri, Indonesia', 'xi.titl2', '085708128910', 'mahmudali5245@gmail.com', 'Manusia 54', 19),
(5966, 'Miftakhu Rosyidin Auliya', 'L', 'Nganjuk', '2003-05-06', 'Nganjuk, Indonesia', 'xi.titl2', '082333184812', 'miftakhurosyidin03@gmail.com', 'Manusia 55', 19),
(5967, 'Miftaqul Aripin', 'L', 'Kediri', '2002-10-18', 'Kediri, Indonesia', 'xi.titl2', '085730503365', 'Miftaqularipin566@gmail.com', 'Manusia 56', 19),
(5968, 'Misbahul Irfan Arief', 'L', 'Kediri', '2002-07-13', 'Kediri, Indonesia', 'xi.titl3', '085852124851', 'misbahulirfanarief28580@gmail.com', 'Manusia 57', 19),
(5969, 'Moch. Dimas Figur Awalludin', 'L', 'Nganjuk', '2002-10-10', 'Nganjuk, Indonesia', 'xi.titl3', '085645307610', 'mochdimasfigur2002@gmail.com', 'Manusia 58', 19),
(5970, 'Moch. Imam Ghozali', 'L', 'Nganjuk', '2002-07-13', 'Nganjuk, Indonesia', 'xi.titl3', '085733357535', 'ramadhanfitrah901@gmail.com', 'Manusia 59', 19),
(5971, 'Mochammad Abdul Azis', 'L', 'Nganjuk', '2002-03-23', 'Nganjuk, Indonesia', 'xi.titl3', '089606165352', 'mochamadazis023@gmail.com', 'Manusia 60', 19),
(5972, 'Mochammad Ferli', 'L', 'Nganjuk', '2003-04-17', 'Nganjuk, Indonesia', 'xi.titl3', '081553986546', 'f2358857@gmail.com', 'Manusia 61', 19),
(5973, 'Moh. Chafidz Mubashir', 'L', 'Nganjuk', '2002-06-12', 'Nganjuk, Indonesia', 'xi.titl3', '081332619711', 'chafidz98@gmail.com', 'Manusia 63', 19),
(5974, 'Moh. Setyoko Andi Luminto', 'L', 'Jombang', '2002-07-04', 'Jombang, Indonesia', 'xi.titl3', '085858116685', 'yokoluminto@gmail.com', 'Manusia 64', 19),
(5975, 'Mohamad Rodzikul Hidayatulloh', 'L', 'Nganjuk', '2002-10-23', 'Nganjuk, Indonesia', 'xi.titl3', '081333701932', 'rodzikularemania@gmail.com', 'Manusia 66', 19),
(5976, 'Mohammad Nur Huda', 'L', 'Nganjuk', '2002-06-09', 'Nganjuk, Indonesia', 'xi.titl3', '081515586089', 'nurhuda090602@gmail.com', 'Manusia 67', 19),
(5977, 'Moehammad Suryadi', 'L', 'Kediri', '2003-03-22', 'Kediri, Indonesia', 'xi.titl3', '081515740792', 'muhammadsyryadi@gmail.com', 'Manusia 62', 19),
(5978, 'Muhamad Abdul Ghoni', 'L', 'Nganjuk', '2003-04-29', 'Nganjuk, Indonesia', 'xii.titl1', '083114533791', 'iwanayani77@gmail.com', 'Manusia 68', 18),
(5979, 'Muhamad Dzikron Zakya', 'L', 'Nganjuk', '2002-10-04', 'Nganjuk, Indonesia', 'xii.titl1', '085745350524', 'muhamaddzikronzakya@gmail.com', 'Manusia 69', 18),
(5980, 'Muhamad Helmi Khoirur Rizal', 'L', 'Kediri', '2002-04-04', 'Kediri, Indonesia', 'xii.titl1', '087855568059', 'Muhamad.helmi.k.rizal@gmail.com', 'Manusia 70', 18),
(5981, 'Muhammad Abdul Lathif Arrohman', 'L', 'Nganjuk', '2002-10-30', 'Nganjuk, Indonesia', 'xii.titl1', '085785298631', 'latifputra987@gmail.com', 'Manusia 71', 18),
(5982, 'Muhammad Alancika Junikova', 'L', 'Nganjuk', '2003-06-08', 'Nganjuk, Indonesia', 'xii.titl1', '082139641927', 'ovajunikova@gmail.com', 'Manusia 72', 18),
(5983, 'M. Khobid Maqbula', 'L', 'Indonesia', '2002-11-27', 'Jawa Timur, Indonesia', 'xii.titl1', '080866456138', 'm.khobidmaqbula@gmail.com', 'Manusia 74', 18),
(5984, 'M. Hafid Maulana', 'L', 'Indonesia', '2002-09-12', 'Jawa Timur, Indonesia', 'xii.titl1', '088271833453', 'm.hafidmaulana@gmail.com', 'Manusia 75', 18),
(5985, 'M. Ifud Firmansyah', 'L', 'Indonesia', '2002-09-02', 'Jawa Timur, Indonesia', 'xii.titl1', '084358887147', 'm.ifudfirmansyah@gmail.com', 'Manusia 76', 18),
(5986, 'M. Ihwan Maulana', 'L', 'Indonesia', '2002-10-13', 'Jawa Timur, Indonesia', 'xii.titl1', '083676304367', 'm.ihwanmaulana@gmail.com', 'Manusia 77', 18),
(5987, 'M. Naufal Alfarly', 'L', 'Indonesia', '2002-02-21', 'Jawa Timur, Indonesia', 'xii.titl1', '084532460255', 'm.naufalalfarly@gmail.com', 'Manusia 78', 18),
(5988, 'M. Nurkholis', 'L', 'Indonesia', '2002-10-27', 'Jawa Timur, Indonesia', 'xii.titl1', '088747465685', 'm.nurkholis@gmail.com', 'Manusia 79', 18),
(5989, 'M. Rizal Setiawan', 'L', 'Indonesia', '2002-09-15', 'Jawa Timur, Indonesia', 'xii.titl2', '084050366723', 'm.rizalsetiawan@gmail.com', 'Manusia 80', 18),
(5990, 'M. Rully Azri', 'L', 'Indonesia', '2002-06-01', 'Jawa Timur, Indonesia', 'xii.titl2', '087471055288', 'm.rullyazri@gmail.com', 'Manusia 81', 18),
(5991, 'Musa Maliki', 'L', 'Indonesia', '2002-08-27', 'Jawa Timur, Indonesia', 'xii.titl2', '084416485867', 'musamaliki@gmail.com', 'Manusia 82', 18),
(5992, 'Nurfita Anggaraini', 'P', 'Indonesia', '2002-04-25', 'Jawa Timur, Indonesia', 'xii.titl2', '086750361001', 'nurfitaanggaraini@gmail.com', 'Manusia 83', 18),
(5993, 'Rahayu Swit', 'P', 'Indonesia', '2002-11-04', 'Jawa Timur, Indonesia', 'xii.titl2', '085514631613', 'rahayuswit@gmail.com', 'Manusia 84', 18),
(5994, 'Rahmad Ipung', 'L', 'Indonesia', '2002-01-05', 'Jawa Timur, Indonesia', 'xii.titl2', '086542513256', 'rahmadipung@gmail.com', 'Manusia 85', 18),
(5995, 'Raihan Dafid', 'L', 'Indonesia', '2002-08-20', 'Jawa Timur, Indonesia', 'xii.titl2', '083668225804', 'raihandafid@gmail.com', 'Manusia 86', 18),
(5996, 'Rathanda Galang', 'L', 'Indonesia', '2002-03-27', 'Jawa Timur, Indonesia', 'xii.titl2', '082571787678', 'rathandagalang@gmail.com', 'Manusia 87', 18),
(5997, 'Rengga Putro', 'L', 'Indonesia', '2002-01-04', 'Jawa Timur, Indonesia', 'xii.titl2', '088234665745', 'renggaputro@gmail.com', 'Manusia 88', 18),
(5998, 'Revido Yogi', 'L', 'Indonesia', '2002-06-13', 'Jawa Timur, Indonesia', 'xii.titl2', '085153215511', 'revidoyogi@gmail.com', 'Manusia 89', 18),
(5999, 'Rexy Eka', 'L', 'Indonesia', '2002-06-11', 'Jawa Timur, Indonesia', 'xii.titl2', '088670378562', 'rexyeka@gmail.com', 'Manusia 90', 18),
(6000, 'Reza Ardhana', 'L', 'Indonesia', '2002-02-12', 'Jawa Timur, Indonesia', 'xii.titl2', '081810678003', 'rezaardhana@gmail.com', 'Manusia 91', 18),
(6001, 'Rico Tulus', 'L', 'Indonesia', '2002-06-12', 'Jawa Timur, Indonesia', 'xii.titl2', '088781688417', 'ricotulus@gmail.com', 'Manusia 92', 18),
(6002, 'Ridho Bagus', 'L', 'Indonesia', '2002-04-09', 'Jawa Timur, Indonesia', 'xii.titl2', '082163532158', 'ridhobagus@gmail.com', 'Manusia 93', 18),
(6003, 'Rozan Dawazzarief', 'L', 'Indonesia', '2002-10-18', 'Jawa Timur, Indonesia', 'xii.titl3', '081453335424', 'rozandawazzarief@gmail.com', 'Manusia 94', 18),
(6004, 'Salsabila Firdausi', 'L', 'Indonesia', '2002-03-01', 'Jawa Timur, Indonesia', 'xii.titl3', '086550316878', 'salsabilafirdausi@gmail.com', 'Manusia 95', 18),
(6005, 'Sandi Bayu', 'L', 'Indonesia', '2002-07-26', 'Jawa Timur, Indonesia', 'xii.titl3', '086858384278', 'sandibayu@gmail.com', 'Manusia 96', 18),
(6006, 'Sefira Safa', 'P', 'Indonesia', '2002-07-23', 'Jawa Timur, Indonesia', 'xii.titl3', '083477087038', 'sefirasafa@gmail.com', 'Manusia 97', 18),
(6007, 'Silvia Juwitasari', 'P', 'Indonesia', '2002-04-11', 'Jawa Timur, Indonesia', 'xii.titl3', '085360743024', 'silviajuwitasari@gmail.com', 'Manusia 98', 18),
(6008, 'Tiara Dini', 'P', 'Indonesia', '2002-10-09', 'Jawa Timur, Indonesia', 'xii.titl3', '086555477346', 'tiaradini@gmail.com', 'Manusia 99', 18),
(6009, 'Vanesa Agustin', 'P', 'Indonesia', '2002-06-16', 'Jawa Timur, Indonesia', 'xii.titl3', '087406705400', 'vanesaagustin@gmail.com', 'Manusia 100', 18),
(6010, 'Vito Ardiansyah', 'L', 'Indonesia', '2002-11-13', 'Jawa Timur, Indonesia', 'xii.titl3', '080332170405', 'vitoardiansyah@gmail.com', 'Manusia 101', 18),
(6011, 'Wahyu Darma', 'L', 'Indonesia', '2002-01-13', 'Jawa Timur, Indonesia', 'xii.titl3', '082557406707', 'wahyudarma@gmail.com', 'Manusia 102', 18),
(6012, 'Yanuar Arif', 'L', 'Indonesia', '2002-08-07', 'Jawa Timur, Indonesia', 'xii.titl3', '085284538110', 'yanuararif@gmail.com', 'Manusia 103', 18),
(6013, 'Yogi Herlambang', 'L', 'Indonesia', '2002-10-23', 'Jawa Timur, Indonesia', 'xii.titl3', '085076073665', 'yogiherlambang@gmail.com', 'Manusia 104', 18),
(6014, 'Yoyok', 'L', 'Indonesia', '2002-10-15', 'Jawa Timur, Indonesia', 'xii.titl3', '084764427225', 'yoyok@gmail.com', 'Manusia 105', 18),
(6015, 'Zainindra', 'L', 'Indonesia', '2002-11-02', 'Jawa Timur, Indonesia', 'xii.titl3', '082113215883', 'zainindra@gmail.com', 'Manusia 106', 18),
(6016, 'Zawalu Shamsi', 'L', 'Indonesia', '2002-04-01', 'Jawa Timur, Indonesia', 'xii.titl3', '082503546266', 'zawalushamsi@gmail.com', 'Manusia 107', 18),
(6017, 'Zhafirah', 'P', 'Indonesia', '2002-01-11', 'Jawa Timur, Indonesia', 'xii.titl3', '084842283313', 'zhafirah@gmail.com', 'Manusia 108', 18),
(6018, 'R. Winetu', 'L', 'Indonesia', '2002-05-27', 'Jawa Timur, Indonesia', 'xii.tpm1', '080348374115', 'r.winetu@gmail.com', 'Manusia 221', 18),
(6019, 'Achmad Isnan Syahroni', 'L', 'Nganjuk', '2002-07-08', 'Nganjuk, Indonesia', 'x.toi1', '08563056428', 'syahroniacmad85@gmail.com', 'Manusia 111', 20),
(6020, 'Ahmad Andi Kusuma', 'L', 'Nganjuk', '2002-11-03', 'Nganjuk, Indonesia', 'x.toi1', '081385722895', 'andi26335@gmail.com', 'Manusia 113', 20),
(6022, 'Angga Pratama Dwi Santoso', 'L', 'Nganjuk', '2002-04-09', 'Nganjuk, Indonesia', 'x.toi1', '085791186621', 'prtm.angga03@gmail.com', 'Manusia 114', 20),
(6023, 'Anggun Eka Prinata', 'P', 'Kediri', '2003-06-08', 'Kediri, Indonesia', 'x.toi1', '081553360848', 'anggune65@gmail.com', 'Manusia 115', 20),
(6024, 'Dicky Susilo Utomo', 'L', 'Kediri', '2003-01-16', 'Kediri, Indonesia', 'x.toi1', '085895730928', 'dickysusilo2003@gmail.com', 'Manusia 118', 20),
(6025, 'Dimas Candra Adi Tama', 'L', 'Nganjuk', '2002-12-05', 'Nganjuk, Indonesia', 'x.toi1', '082231253285', 'candradim12@gmail.com', 'Manusia 119', 20),
(6026, 'Edwin Triono Setiawan', 'L', 'Nganjuk', '2002-09-21', 'Nganjuk, Indonesia', 'xi.toi1', '082244849367', 'edwintriono123@gmail.com', 'Manusia 120', 19),
(6029, 'Ferdian Abdul Aziz', 'L', 'Kediri', '2003-02-05', 'Kediri, Indonesia', 'xi.toi1', '083116194432', 'thacikofficial@gmail.com', 'Manusia 122', 19),
(6030, 'Hari Prasetiyo', 'L', 'Nganjuk', '2002-02-08', 'Nganjuk, Indonesia', 'xi.toi1', '082140092149', 'ariprasetiyo004@gmail.com', 'Manusia 123', 19),
(6031, 'Indra Mukti', 'L', 'Nganjuk', '2003-03-03', 'Nganjuk, Indonesia', 'xi.toi1', '082140080811', 'indramukti1005@gmail.com', 'Manusia 124', 19),
(6032, 'Irgy Ahmad Rifai', 'L', 'Kediri', '2002-11-01', 'Kediri, Indonesia', 'xi.toi1', '085812933201', 'irgyahmad202@gmail.com', 'Manusia 125', 19),
(6034, 'Mayta Reviana', 'P', 'Kediri', '2003-05-05', 'Kediri, Indonesia', 'xi.toi1', '085815235532', 'maytarevi87@gmail.com', 'Manusia 126', 19),
(6035, 'Miftah Maulana', 'L', 'Nganjuk', '2002-05-28', 'Nganjuk, Indonesia', 'xi.toi1', '087886013737', 'miftahmaulana871@gmail.com', 'Manusia 127', 19),
(6036, 'Moch. Zulfa Abi Maula Iba', 'L', 'Nganjuk', '2004-02-01', 'Nganjuk, Indonesia', 'xii.toi1', '082333023189', 'zulfaabi2004@gmail.com', 'Manusia 129', 18),
(6037, 'Mochammad Yusuf Setiawan', 'L', 'Nganjuk', '2002-11-03', 'Nganjuk, Indonesia', 'xii.toi1', '083134896597', 'myusufsetiawan4@gmail.com', 'Manusia 130', 18),
(6038, 'Mohammad Bayu Andriansyah', 'L', 'Nganjuk', '2002-09-14', 'Nganjuk, Indonesia', 'xii.toi1', '082237605869', 'mohbayuand24@gmail.com', 'Manusia 131', 18),
(6039, 'Mohammad Dendi Widiono', 'L', 'Nganjuk', '2003-01-21', 'Nganjuk, Indonesia', 'xii.toi1', '082230121846', 'dendiwidiono33@gmail.com', 'Manusia 132', 18),
(6040, 'Muhammad Ilham Hidayat', 'L', 'Nganjuk', '2003-03-12', 'Nganjuk, Indonesia', 'xii.toi1', '081232410453', 'ilhamsfb1822@gmail.com', 'Manusia 134', 18),
(6041, 'Muhammad Hani Crifta Agatha', 'L', 'Nganjuk', '2002-11-30', 'Nganjuk, Indonesia', 'xii.toi1', '085732195280', 'enihidayahti74@gmail.com', 'Manusia 133', 18),
(6042, 'Moch. Sayyid Umar', 'L', 'Nganjuk', '2001-07-23', 'Nganjuk, Indonesia', 'xi.toi1', '089654770601', 'msayyidumar@gmail.com', 'Manusia 128', 19),
(6043, 'Pandu Dipo Prasetyo', 'L', 'Surabaya', '2003-03-12', 'Surabaya, Indonesia', 'xii.toi1', '085232007805', 'pandudipo99@gmail.com', 'Manusia 135', 18),
(6044, 'Putri Setya Difayani', 'L', 'Indonesia', '2002-04-11', 'Jawa Timur, Indonesia', 'xiii.toi1', '086460356514', 'putrisetyadifayani@gmail.com', 'Manusia 143', 17),
(6045, 'Rian Prasetyo', 'L', 'Kediri', '2002-07-16', 'Kediri, Indonesia', 'xii.toi1', '085853255664', 'prasetyoryan70@gmail.com', 'Manusia 136', 18),
(6046, 'Ricko Nur Wahyuda', 'L', 'Kediri', '2002-08-23', 'Kediri, Indonesia', 'xiii.toi1', '085850733970', 'rickocakil69@gmail.com', 'Manusia 137', 17),
(6047, 'Ridha Rahmawati', 'P', 'Jombang', '2002-11-07', 'Jombang, Indonesia', 'xiii.toi1', '081247228820', 'ridharahma71122@gmail.com', 'Manusia 138', 17),
(6048, 'Taufiqa Hidayah', 'P', 'Nganjuk', '2003-02-01', 'Nganjuk, Indonesia', 'xiii.toi1', '085608767738', 'hidayahtaufika88@gmail.com', 'Manusia 139', 17),
(6049, 'Valyra Lorenza', 'P', 'Jombang', '2002-07-23', 'Jombang, Indonesia', 'xiii.toi1', '085732402792', 'vayaren23@gmail.com', 'Manusia 140', 17),
(6050, 'Wijaya Dwi Aprilianto', 'L', 'Nganjuk', '2003-04-13', 'Nganjuk, Indonesia', 'xiii.toi1', '085791311303', 'wijayadwi134@gmail.com', 'Manusia 141', 17),
(6051, 'Yogi Aditya Nugroho', 'L', 'Nganjuk', '2002-08-10', 'Nganjuk, Indonesia', 'xiii.toi1', '080443742021', 'yogie.jokamv.lite@gmail.com', 'Manusia 142', 17),
(6052, 'Abdul Ghofar Alfian', 'L', 'Kediri', '2002-08-11', 'Kediri, Indonesia', 'x.tpm1', '083857478419', 'alfiando800@gmail.com', 'Manusia 145', 20),
(6053, 'Achmad Bagas Oktavian', 'L', 'Nganjuk', '2002-10-19', 'Nganjuk, Indonesia', 'x.tpm1', '0895638035068', 'playstoreku889@gmail.com', 'Manusia 146', 20),
(6054, 'Achmad Dahlan', 'L', 'Nganjuk', '2002-11-12', 'Nganjuk, Indonesia', 'x.tpm1', '081249249338', 'ahmaddahlansaja94@gmail.com', 'Manusia 147', 20),
(6055, 'Achmad Frendy Alfianto', 'L', 'Kediri', '2002-09-15', 'Kediri, Indonesia', 'x.tpm1', '083147882542', 'achfrendyalf@gmail.com', 'Manusia 148', 20),
(6056, 'Ade Putra Pamungkas', 'L', 'Nganjuk', '2003-02-18', 'Nganjuk, Indonesia', 'x.tpm1', '082333174750', 'ade655748@gmail.com', 'Manusia 149', 20),
(6057, 'Adnan Habib', 'L', 'Indonesia', '2002-05-04', 'Jawa Timur, Indonesia', 'x.tpm1', '088790129845', 'adnanhabib@gmail.com', 'Manusia 150', 20),
(6058, 'Agus Rifai', 'L', 'Nganjuk', '2003-08-26', 'Nganjuk, Indonesia', 'x.tpm1', '085850626405', 'pertamadwi11@gmail.com', 'Manusia 151', 20),
(6059, 'Ahmad Fajar Valintino', 'L', 'Nganjuk', '2003-01-22', 'Nganjuk, Indonesia', 'x.tpm1', '087779212229', 'tinovalintino93@gmail.com', 'Manusia 152', 20),
(6060, 'Ahmad Feri Nur Irfan Syah', 'L', 'Kediri', '2002-09-17', 'Kediri, Indonesia', 'x.tpm1', '081336252154', 'achmadferry111@gmail.com', 'Manusia 153', 20),
(6061, 'Ahmad Karomain', 'L', 'Nganjuk', '2003-01-14', 'Nganjuk, Indonesia', 'x.tpm1', '085336218410', 'ahmadkaromain86@gmail.com', 'Manusia 154', 20),
(6062, 'Ahmad Rizal Firmansyah', 'L', 'Nganjuk', '2002-08-17', 'Nganjuk, Indonesia', 'x.tpm1', '087818697046', 'rizal.rwt1357@gmail.com', 'Manusia 155', 20),
(6063, 'Ahmad Syarifudin', 'L', 'Nganjuk', '2002-08-01', 'Nganjuk, Indonesia', 'x.tpm1', '085736448649', 'aripsuco1933@gmail.com', 'Manusia 156', 20),
(6064, 'Alfandi Yusuf Prabowo', 'L', 'Nganjuk', '2003-04-11', 'Nganjuk, Indonesia', 'x.tpm1', '081991258462', 'pelikuceng01@gmail.com', 'Manusia 157', 20),
(6065, 'Amirul Habib Alamsyah', 'L', 'Sidoarjo', '2002-09-13', 'Sidoarjo, Indonesia', 'x.tpm1', '081336223353', 'ahalamsyah13@gmail.com', 'Manusia 158', 20),
(6066, 'Anang Hermawan', 'L', 'Nganjuk', '2002-01-23', 'Nganjuk, Indonesia', 'x.tpm2', '089087123412', 'ananghermawan@gmail.com', 'Manusia 159', 20),
(6067, 'Angger Tri Prayogo', 'L', 'Kediri', '2002-05-01', 'Kediri, Indonesia', 'x.tpm2', '087859470309', 'angger.123678@gmail.com', 'Manusia 160', 20),
(6068, 'Ardi Yanuwar Saputra', 'L', 'Nganjuk', '2003-01-01', 'Nganjuk, Indonesia', 'x.tpm2', '082264460810', 'yanuarsaputraardi@gmail.com', 'Manusia 161', 20),
(6069, 'Arip Afriyanto', 'L', 'Nganjuk', '2001-11-13', 'Nganjuk, Indonesia', 'x.tpm2', '085856896599', 'aripafriyanto@gmail.com', 'Manusia 162', 20),
(6070, 'Ayoung Pebrian Jagad Pramudya', 'L', 'Nganjuk', '2003-02-01', 'Nganjuk, Indonesia', 'x.tpm2', '085735664895', 'ayongfebrian@gmail.com', 'Manusia 163', 20),
(6071, 'Bima Aditya', 'L', 'Indonesia', '2002-04-06', 'Jawa Timur, Indonesia', 'x.tpm2', '089876901256', 'bimaaditya@gmail.com', 'Manusia 164', 20),
(6072, 'Dani Riswana', 'L', 'Nganjuk', '2002-11-16', 'Nganjuk, Indonesia', 'x.tpm2', '0895395057931', 'salungyi1771c@gmail.com', 'Manusia 165', 20),
(6073, 'Dhani Aldi Ardiansyah', 'L', 'Kediri', '2003-02-28', 'Kediri, Indonesia', 'x.tpm2', '085706595022', 'dhaniardiansyah2802023@gmail.com', 'Manusia 166', 20),
(6074, 'Dicky Setyo Wahyudi', 'L', 'Nganjuk', '2001-09-24', 'Nganjuk, Indonesia', 'x.tpm2', '087767896503', 'dickysetyo1922@gmail.com', 'Manusia 167', 20),
(6075, 'Didik Azis Prasetyo', 'L', 'Kediri', '2001-07-20', 'Kediri, Indonesia', 'x.tpm2', '081259239601', 'gunoguno5555@gmail.com', 'Manusia 168', 20),
(6076, 'Difa Dwi Sunarko', 'L', 'Nganjuk', '2003-02-04', 'Nganjuk, Indonesia', 'x.tpm2', '087824060309', 'difaputraterate@gmail.com', 'Manusia 169', 20),
(6077, 'Dimas Dwi Ari Prasetyo', 'L', 'Jombang', '2002-07-09', 'Jombang, Indonesia', 'x.tpm2', '0881026542584', 'dimasdwiie@gmail.com', 'Manusia 170', 20),
(6078, 'Donny Anggara', 'L', 'Nganjuk', '2002-10-02', 'Nganjuk, Indonesia', 'x.tpm2', '0895396119118', 'donnyanggara552@gmail.com', 'Manusia 171', 20),
(6079, 'Dwi Sukma Indarto', 'L', 'Nganjuk', '2002-09-27', 'Nganjuk, Indonesia', 'x.tpm3', '085232007805', 'sukmafdk1903@gmail.com', 'Manusia 172', 20),
(6080, 'Eric Febriansyah', 'L', 'Kediri', '2003-02-23', 'Kediri, Indonesia', 'x.tpm3', '085816555034', 'ericfebri469@gmail.com', 'Manusia 173', 20),
(6081, 'Fahrul Firmansyah', 'L', 'Jombang', '2003-08-25', 'Jombang, Indonesia', 'x.tpm3', '085775502026', 'fahrul.drly112@gmail.com', 'Manusia 174', 20),
(6082, 'Faisal Basri', 'L', 'Nganjuk', '2002-07-30', 'Nganjuk, Indonesia', 'x.tpm3', '081336432979', 'tandhen.faisal69@gmail.com', 'Manusia 175', 20),
(6083, 'Fandi Saifudin', 'L', 'Indonesia', '2002-06-22', 'Jawa Timur, Indonesia', 'x.tpm3', '083383508162', 'fandisaifudin@gmail.com', 'Manusia 179', 20),
(6084, 'Farid Abdul Wakhid', 'L', 'Nganjuk', '2003-06-23', 'Nganjuk, Indonesia', 'x.tpm3', '085731634825', 'faridkemet@gmail.com', 'Manusia 176', 20),
(6085, 'Faridlotul Nur Rozak', 'L', 'Kediri', '2002-11-16', 'Kediri, Indonesia', 'x.tpm3', '085335086916', 'nurrozakfaridhotul@gmail.com', 'Manusia 177', 20),
(6086, 'Febri Catur Wiijaya', 'L', 'Kediri', '2002-02-15', 'Kediri, Indonesia', 'x.tpm3', '0887779851352', 'christirosi700@gmail.com', 'Manusia 178', 20),
(6087, 'Fery Fermansyah', 'L', 'Kediri', '2002-07-14', 'Kediri, Indonesia', 'x.tpm3', '081233965318', 'ferykedirifans17@gmail.com', 'Manusia 181', 20),
(6088, 'Galang Setiawan', 'L', 'Nganjuk', '2002-07-19', 'Nganjuk, Indonesia', 'x.tpm3', '083849366589', 'galangsetiawan250@gmail.com', 'Manusia 182', 20),
(6089, 'Ginanjar Hidayatulloh', 'L', 'Bandung', '2002-03-26', 'Bandung, Indonesia', 'xi.tpm1', '081240395956', 'ginanjaroffcial@gmail.com', 'Manusia 183', 19),
(6090, 'Hadi Wiranata', 'L', 'Kediri', '2002-11-03', 'Kediri, Indonesia', 'xi.tpm1', '0855806962974', 'hadiwiranata311@gmail.com', 'Manusia 184', 19),
(6091, 'Haffidz Affif Mahendra', 'L', 'Nganjuk', '2003-04-23', 'Nganjuk, Indonesia', 'xi.tpm1', '085606254273', 'haffidzafif12345@gmail.com', 'Manusia 185', 19),
(6092, 'Hafiz Adytama Perdana', 'L', 'Nganjuk', '2003-06-17', 'Nganjuk, Indonesia', 'xi.tpm1', '085790836149', 'hapisperdana@gmail.com', 'Manusia 186', 19),
(6093, 'Herdyan Oktaviano', 'L', 'Nganjuk', '2002-10-11', 'Nganjuk, Indonesia', 'xi.tpm1', '085546105428', 'alviankeliker80@gmail.com', 'Manusia 187', 19),
(6094, 'Imam Ghozali', 'L', 'Kediri', '2002-05-09', 'Kediri, Indonesia', 'xi.tpm1', '085850366487', 'zalikopasker@gmail.com', 'Manusia 188', 19),
(6095, 'Iqbal Putra Oseandri', 'L', 'Nganjuk', '2003-07-09', 'Nganjuk, Indonesia', 'xi.tpm1', '081234437710', 'iqbalpsht71@gmail.com', 'Manusia 189', 19),
(6096, 'Irgifa Cahyono', 'L', 'Nganjuk', '2003-03-11', 'Nganjuk, Indonesia', 'xi.tpm1', '0895621121088', 'irgifacahyono18@gmail.com', 'Manusia 190', 19),
(6097, 'Mochamad Dwi Ansori', 'L', 'Nganjuk', '2002-03-08', 'Nganjuk, Indonesia', 'xi.tpm2', '088712568912', 'mochamaddwiansori@gmail.com', 'Manusia 198', 19),
(6098, 'Julian Rizky Reynaldo', 'L', 'Kediri', '2002-07-24', 'Kediri, Indonesia', 'xi.tpm1', '08155509715', 'maniaarema46@gmail.com', 'Manusia 191', 19),
(6099, 'Kasianto', 'L', 'Nganjuk', '2002-07-10', 'Nganjuk, Indonesia', 'xi.tpm1', '083850041597', 'anto24861739@gmail.com', 'Manusia 192', 19),
(6100, 'Kevin Ryo Junior', 'L', 'Nganjuk', '2002-09-24', 'Nganjuk, Indonesia', 'xi.tpm1', '0895367146209', 'kevinryo33@gmail.com', 'Manusia 193', 19),
(6101, 'M. Faisal Najib', 'L', 'Nganjuk', '2002-07-09', 'Nganjuk, Indonesia', 'xi.tpm2', '081330396983', 'faisalnajib0196@gmail.com', 'Manusia 194', 19),
(6102, 'M. Zainul Baktiar', 'L', 'Nganjuk', '2002-06-23', 'Nganjuk, Indonesia', 'xi.tpm2', '081328760345', 'zainulbaktiar@gmail.com', 'Manusia 195', 19),
(6103, 'Miftahul Abidin', 'L', 'Nganjuk', '2002-09-23', 'Nganjuk, Indonesia', 'xi.tpm2', '0895395097665', 'paijombelink752@gmail.com', 'Manusia 196', 19),
(6104, 'Moch. Rizki Dwi Putra', 'L', 'Nganjuk', '2003-04-03', 'Nganjuk, Indonesia', 'xi.tpm2', '085236323134', 'kariyantok50@gmail.com', 'Manusia 197', 19),
(6106, 'Mohamad Mauludin', 'L', 'Kediri', '2003-05-05', 'Kediri, Indonesia', 'xi.tpm2', '085258555539', 'mauludinudin05@gmail.com', 'Manusia 199', 19),
(6107, 'Mohamad Nur Alim', 'L', 'Nganjuk', '2001-03-07', 'Nganjuk, Indonesia', 'xi.tpm2', '083851907614', 'noeralim72@gmail.com', 'Manusia 200', 19),
(6108, 'Mohammad Dian Saputra', 'L', 'Nganjuk', '2002-08-16', 'Nganjuk, Indonesia', 'xi.tpm2', '087894281439', 'greendian79@gmail.com', 'Manusia 201', 19),
(6109, 'Mohammad Yufi Zika Praditya', 'L', 'Nganjuk', '2002-10-25', 'Nganjuk, Indonesia', 'xi.tpm2', '085782928792', 'yufizika098@gmail.com', 'Manusia 202', 19),
(6110, 'Muhamad Maulana Iqbal', 'L', 'Nganjuk', '2003-03-22', 'Nganjuk, Indonesia', 'xi.tpm2', '085648634993', 'iqbaalmaulana6@gmail.com', 'Manusia 203', 19),
(6111, 'Muhamad Rizal Agustian', 'L', 'Indonesia', '2002-10-07', 'Jawa Timur, Indonesia', 'xi.tpm2', '082802216427', 'muhamadrizalagustian@gmail.com', 'Manusia 204', 19),
(6112, 'Muhammad Aditya Putra Pratama', 'L', 'Nganjuk', '2003-07-06', 'Nganjuk, Indonesia', 'xi.tpm2', '081259645187', 'adityaputra7256@gmail.com', 'Manusia 205', 19),
(6113, 'Muhammad Aditya Romadhon', 'L', 'Nganjuk', '2002-11-07', 'Nganjuk, Indonesia', 'xi.tpm3', '085748798308', 'ar4409071@gmail.com', 'Manusia 206', 19),
(6114, 'Muhammad Cholik', 'L', 'Nganjuk', '2002-01-05', 'Nganjuk, Indonesia', 'xi.tpm3', '085704519083', 'cholikm05@gmail.com', 'Manusia 207', 19),
(6115, 'Muhammad Faqihudin', 'L', 'Nganjuk', '2003-04-20', 'Nganjuk, Indonesia', 'xi.tpm3', '0895706461600', 'muhammadfaqihudin03@gmail.com', 'Manusia 208', 19),
(6116, 'Muhammad Ilham Roziqin', 'L', 'Nganjuk', '2002-12-05', 'Nganjuk, Indonesia', 'xi.tpm3', '085745966344', 'raffifcute@gmail.com', 'Manusia 209', 19),
(6117, 'Muhammad Infijarun NiAmi', 'L', 'Nganjuk', '2002-03-04', 'Nganjuk, Indonesia', 'xi.tpm3', '087891519812', 'niamiggm@gmail.com', 'Manusia 210', 19),
(6119, 'Muhammad Syaifurrozaqi', 'L', 'Jombang', '2003-02-14', 'Jombang, Indonesia', 'xi.tpm3', '085648397786', 'syaifurrozaqi014@gmail.com', 'Manusia 211', 19),
(6120, 'Muhammad Zaini', 'L', 'Nganjuk', '2003-04-17', 'Nganjuk, Indonesia', 'xi.tpm3', '082135456656', 'zainipunkshter@gmail.com', 'Manusia 212', 19),
(6121, 'Muliyadi Eko Purnomo', 'L', 'Gresik', '2003-05-04', 'Gresik, Indonesia', 'xi.tpm3', '082338122658', 'muliyadi.dm@gmail.com', 'Manusia 213', 19),
(6122, 'Natanael Hepi Valentino', 'L', 'Nganjuk', '2003-01-09', 'Nganjuk, Indonesia', 'xi.tpm3', '082245008109', 'natanaelhepi09@gmail.com', 'Manusia 214', 19),
(6123, 'Niko Afandi', 'L', 'Indonesia', '2002-02-19', 'Jawa Timur, Indonesia', 'xii.tpm1', '088734025545', 'nikoafandi@gmail.com', 'Manusia 216', 18),
(6124, 'Nova Saputra', 'L', 'Indonesia', '2002-09-05', 'Jawa Timur, Indonesia', 'xii.tpm1', '083260621504', 'novasaputra@gmail.com', 'Manusia 217', 18),
(6125, 'Parul Silap', 'L', 'Indonesia', '2002-01-10', 'Jawa Timur, Indonesia', 'xii.tpm1', '082425286680', 'parulsilap@gmail.com', 'Manusia 218', 18),
(6126, 'Pramudya Ramadhani', 'L', 'Indonesia', '2002-06-23', 'Jawa Timur, Indonesia', 'xii.tpm1', '084284466555', 'pramudyaramadhani@gmail.com', 'Manusia 219', 18),
(6127, 'Prastio Budhi Pratama', 'L', 'Indonesia', '2002-01-07', 'Jawa Timur, Indonesia', 'xii.tpm1', '083483634607', 'prastiobudhipratama@gmail.com', 'Manusia 220', 18),
(6128, ' Ragil Agista', 'L', 'Indonesia', '2002-09-20', 'Jawa Timur, Indonesia', 'xii.tpm1', '080083212545', 'ragilagista@gmail.com', 'Manusia 222', 18),
(6129, 'Rendra Awang', 'L', 'Indonesia', '2002-10-18', 'Jawa Timur, Indonesia', 'xii.tpm1', '088726851686', 'rendraawang@gmail.com', 'Manusia 223', 18),
(6130, 'Revaldo Anggara Putra', 'L', 'Indonesia', '2002-07-16', 'Jawa Timur, Indonesia', 'xii.tpm1', '082670804213', 'revaldoanggaraputra@gmail.com', 'Manusia 224', 18),
(6131, 'Revina Verin', 'P', 'Indonesia', '2002-05-12', 'Jawa Timur, Indonesia', 'xii.tpm1', '080660037438', 'revinaverin@gmail.com', 'Manusia 225', 18),
(6132, 'Reyno Dany', 'L', 'Indonesia', '2002-04-08', 'Jawa Timur, Indonesia', 'xii.tpm1', '087676072232', 'reynodany@gmail.com', 'Manusia 226', 18),
(6133, 'Rian Aditya Ramadhani', 'L', 'Indonesia', '2002-05-07', 'Jawa Timur, Indonesia', 'xii.tpm1', '080032846564', 'rianadityaramadhani@gmail.com', 'Manusia 227', 18),
(6134, 'Rio Fajar', 'L', 'Indonesia', '2002-06-19', 'Jawa Timur, Indonesia', 'xii.tpm1', '084468252733', 'riofajar@gmail.com', 'Manusia 228', 18),
(6135, 'Rizky Andika', 'L', 'Indonesia', '2002-04-27', 'Jawa Timur, Indonesia', 'xii.tpm1', '086134471867', 'rizkyandika@gmail.com', 'Manusia 229', 18),
(6136, 'Risky Saputra Aditya', 'L', 'Indonesia', '2002-05-18', 'Jawa Timur, Indonesia', 'xii.tpm2', '083872742047', 'riskysaputraaditya@gmail.com', 'Manusia 230', 18),
(6137, 'Rizal Kurniawan', 'L', 'Indonesia', '2002-09-04', 'Jawa Timur, Indonesia', 'xii.tpm2', '086747753350', 'rizalkurniawan@gmail.com', 'Manusia 231', 18),
(6138, 'Rizaldi Nur Ardiansyah', 'L', 'Indonesia', '2002-03-21', 'Jawa Timur, Indonesia', 'xii.tpm2', '084711855470', 'rizaldinurardiansyah@gmail.com', 'Manusia 232', 18),
(6139, 'Riski Arif', 'L', 'Indonesia', '2002-01-21', 'Jawa Timur, Indonesia', 'xii.tpm2', '080531005045', 'riskiarif@gmail.com', 'Manusia 233', 18),
(6140, 'Risy Ardiansyah', 'L', 'Indonesia', '2002-07-24', 'Jawa Timur, Indonesia', 'xii.tpm2', '088865240032', 'risyardiansyah@gmail.com', 'Manusia 234', 18),
(6141, 'Rizky Dwi Arianto', 'L', 'Indonesia', '2002-10-09', 'Jawa Timur, Indonesia', 'xii.tpm2', '081821101328', 'rizkydwiarianto@gmail.com', 'Manusia 235', 18),
(6142, 'Rian Andika', 'L', 'Indonesia', '2002-11-26', 'Jawa Timur, Indonesia', 'xii.tpm2', '081015183107', 'rianandika@gmail.com', 'Manusia 236', 18),
(6143, 'Riyan Pradana', 'L', 'Indonesia', '2002-02-10', 'Jawa Timur, Indonesia', 'xii.tpm2', '082203072218', 'riyanpradana@gmail.com', 'Manusia 237', 18),
(6144, 'Satria Candra', 'L', 'Indonesia', '2002-05-23', 'Jawa Timur, Indonesia', 'xii.tpm2', '084122741241', 'satriacandra@gmail.com', 'Manusia 238', 18),
(6145, 'Septian Dwi Prakoso', 'L', 'Indonesia', '2002-08-08', 'Jawa Timur, Indonesia', 'xii.tpm3', '088833672873', 'septiandwiprakoso@gmail.com', 'Manusia 239', 18),
(6146, 'Sukma Tantya', 'L', 'Indonesia', '2002-08-16', 'Jawa Timur, Indonesia', 'xii.tpm3', '086712114525', 'sukmatantya@gmail.com', 'Manusia 240', 18),
(6147, 'Surya Adi Saputra', 'L', 'Indonesia', '2002-06-23', 'Jawa Timur, Indonesia', 'xii.tpm3', '087062236174', 'suryaadisaputra@gmail.com', 'Manusia 241', 18),
(6148, 'Tio Ferdinan', 'L', 'Indonesia', '2002-03-04', 'Jawa Timur, Indonesia', 'xii.tpm3', '084854722661', 'tioferdinan@gmail.com', 'Manusia 242', 18),
(6149, 'Valentino Akbar', 'L', 'Indonesia', '2002-05-17', 'Jawa Timur, Indonesia', 'xii.tpm3', '088528044066', 'valentinoakbar@gmail.com', 'Manusia 243', 18),
(6150, 'Vicky Latif', 'L', 'Indonesia', '2002-05-21', 'Jawa Timur, Indonesia', 'xii.tpm3', '083164222576', 'vickylatif@gmail.com', 'Manusia 244', 18),
(6151, 'Wahyu Jagad', 'L', 'Indonesia', '2002-11-27', 'Jawa Timur, Indonesia', 'xii.tpm3', '086645703125', 'wahyujagad@gmail.com', 'Manusia 245', 18),
(6152, 'Wisnu Krisdianto', 'L', 'Indonesia', '2002-11-17', 'Jawa Timur, Indonesia', 'xii.tpm3', '085433152623', 'wisnukrisdianto@gmail.com', 'Manusia 246', 18),
(6153, 'Yogi Syahrul Syaputra', 'L', 'Indonesia', '2002-08-14', 'Jawa Timur, Indonesia', 'xii.tpm3', '080548653287', 'yogisyahrulsyaputra@gmail.com', 'Manusia 247', 18),
(6154, 'Yusril Hidayat', 'L', 'Indonesia', '2002-08-22', 'Jawa Timur, Indonesia', 'xii.tpm3', '086306188022', 'yusrilhidayat@gmail.com', 'Manusia 248', 18),
(6155, 'Yuyun Angraini', 'P', 'Indonesia', '2002-02-05', 'Jawa Timur, Indonesia', 'xii.tpm3', '081164002363', 'yuyunangraini@gmail.com', 'Manusia 249', 18),
(6156, 'Achmad Baihaqi', 'L', 'Jombang', '2003-08-04', 'Jombang, Indonesia', 'x.rpl1', '085655864624', 'hakiahmad756@gmail.com', 'Manusia 251', 20),
(6157, 'Ade Raihan Mahsa', 'L', 'Nganjuk', '2002-11-19', 'Nganjuk, Indonesia', 'x.rpl1', '081259682086', 'aderaihanacaaca@gmail.com', 'Manusia 252', 20),
(6158, 'Adelia Puteri Gita Novita Sari', 'P', 'Nganjuk', '2003-08-30', 'Nganjuk, Indonesia', 'x.rpl1', '081615203010', 'adelia2019adelia@gmail.com', 'Manusia 253', 20),
(6159, 'Adetya Wardani', 'P', 'Nganjuk', '2003-06-03', 'Nganjuk, Indonesia', 'x.rpl1', '085704743590', 'adetyawardani5@gmail.com', 'Manusia 254', 20),
(6160, 'Agung Tri Laksono', 'L', 'Tanah Merah', '2003-12-13', 'Tanah Merah, Indonesia', 'x.rpl1', '08570648376', 'agungtrilaksono1287@gmail.com', 'Manusia 255', 20),
(6161, 'Ahmad Ansori', 'L', 'Nganjuk', '2002-06-01', 'Nganjuk, Indonesia', 'x.rpl1', '085735652122', 'aanblogme@gmail.com', 'Manusia 256', 20),
(6162, 'Ahmad Rozikul Akbar', 'L', 'Nganjuk', '2002-03-26', 'Nganjuk, Indonesia', 'x.rpl1', '082338411973', 'ahmadrozikul76@gmail.com', 'Manusia 257', 20),
(6163, 'Amalia Devi Fitriana', 'P', 'Nganjuk', '2002-12-13', 'Nganjuk, Indonesia', 'x.rpl1', '085607628267', 'Amaliadevifitriana@gmail.com', 'Manusia 258', 20),
(6164, 'Ananta Eka Prayoga', 'L', 'Nganjuk', '2003-01-28', 'Nganjuk, Indonesia', 'x.rpl1', '089515725360', 'anantaprayoga25@gmail.com', 'Manusia 259', 20),
(6165, 'Aning Rahma Ambar Sari', 'P', 'Nganjuk', '2002-05-22', 'Nganjuk, Indonesia', 'x.rpl1', '082331087411', 'aningrahma123@gmail.com', 'Manusia 260', 20),
(6166, 'Arahma Handayani', 'P', 'Kediri', '2003-07-13', 'Kediri, Indonesia', 'x.rpl1', '085748828559', 'arrahmahandayani@gmail.com', 'Manusia 261', 20),
(6167, 'Bella Alfyo Alda Yulanda', 'P', 'Nganjuk', '2003-01-06', 'Nganjuk, Indonesia', 'x.rpl1', '085964163702', 'Bellayulanda45@gmail.com', 'Manusia 262', 20),
(6168, 'Cantika Dea Mareta', 'P', 'Sidoarjo', '2002-03-29', 'Sidoarjo, Indonesia', 'x.rpl1', '087800658537', 'cantikadea18@gmail.com', 'Manusia 263', 20),
(6169, 'Cindy Qaula Agustin', 'P', 'Kediri', '2002-08-30', 'Kediri, Indonesia', 'x.rpl2', '085232229617', 'qaulacindy@gmail.com', 'Manusia 264', 20),
(6170, 'David Aldian Hidayat', 'L', 'Kediri', '2002-06-17', 'Kediri, Indonesia', 'x.rpl2', '081235762434', 'davidaldian15@gmail.com', 'Manusia 265', 20),
(6171, 'Deky Reza Saputra', 'L', 'Nganjuk', '2002-11-26', 'Nganjuk, Indonesia', 'x.rpl2', '085812402433', 'dekyreza8787@gmail.com', 'Manusia 266', 20),
(6172, 'Didin Rakfil Beniafan', 'L', 'Magetan', '2002-10-27', 'Magetan, Indonesia', 'x.rpl2', '085706188701', 'rakfildidin@gmail.com', 'Manusia 268', 20),
(6173, 'Disma Eka Nurtanti', 'P', 'Nganjuk', '2002-12-22', 'Nganjuk, Indonesia', 'x.rpl2', '085731296851', 'dismaeka22@gmail.com', 'Manusia 269', 20),
(6174, 'Diva Sabriana', 'P', 'Nganjuk', '2002-10-05', 'Nganjuk, Indonesia', 'x.rpl2', '085730079688', 'divasabriana81@gmail.com', 'Manusia 270', 20),
(6175, 'Dwi Windarti', 'P', 'Kediri', '2002-12-16', 'Kediri, Indonesia', 'x.rpl2', '081912402734', 'dwiw46711@gmail.com', 'Manusia 271', 20),
(6176, 'Elok Fadhilah Marta', 'P', 'Nganjuk', '2003-03-19', 'Nganjuk, Indonesia', 'x.rpl2', '081259932335', 'elokfadila567@gmail.com', 'Manusia 272', 20),
(6178, 'Fadia Irsania Putri', 'P', 'Jombang', '2002-08-10', 'Jombang, Indonesia', 'x.rpl2', '081554803853', 'fadiairsania123@gmail.com', 'Manusia 273', 20),
(6179, 'Fahrezian Arya Bima', 'L', 'Bekasi', '2003-09-20', 'Bekasi, Indonesia', 'x.rpl2', '082244128189', 'awal.in45@gmail.com', 'Manusia 274', 20),
(6180, 'Fatur Riandy', 'L', 'Nganjuk', '2002-09-20', 'Nganjuk, Indonesia', 'x.rpl2', '085704569547', 'riyandifatur868@gmail.com', 'Manusia 275', 20),
(6181, 'Fitri Nur Fadillah', 'P', 'Kediri', '2002-11-25', 'Kediri, Indonesia', 'x.rpl2', '085704764188', 'fitrinurfadillah0107@gmail.com', 'Manusia 276', 20),
(6182, 'Halim Bagus Perdana', 'L', 'Lamongan', '2002-11-09', 'Lamongan, Indonesia', 'xi.rpl1', '082244489775', 'halimpaijo1@gmail.com', 'Manusia 277', 19),
(6184, 'Ike Handayani', 'P', 'Nganjuk', '2002-10-03', 'Nganjuk, Indonesia', 'xi.rpl1', '085816987905', 'Ikehandayani189@gmail.com', 'Manusia 278', 19),
(6185, 'Ilham Maulana', 'L', 'Kediri', '2002-07-16', 'Kediri, Indonesia', 'xi.rpl1', '087723595332', 'im285281@gmail.com', 'Manusia 279', 19),
(6186, 'Inna Fatahna', 'P', 'Nganjuk', '2003-10-14', 'Nganjuk, Indonesia', 'xi.rpl1', '085854725344', 'innafatahna5@gmail.com', 'Manusia 280', 19),
(6187, 'Julia Sabrina Putri', 'P', 'Nganjuk', '2002-07-20', 'Nganjuk, Indonesia', 'xi.rpl1', '083854965267', 'juliasbrn123@gmail.com', 'Manusia 281', 19),
(6188, 'Kristina Apriliya', 'P', 'Nganjuk', '2003-04-14', 'Nganjuk, Indonesia', 'xi.rpl1', '082244125352', 'agustinakristina8@gmail.com', 'Manusia 282', 19),
(6189, 'M. Arifin Mustofa', 'L', 'Nganjuk', '2003-10-26', 'Nganjuk, Indonesia', 'xi.rpl1', '085731296773', 'arifinmmustofa173@gmail.com', 'Manusia 283', 19),
(6190, 'M. Nur Kholis Chu Enk Yunani', 'L', 'Kediri', '2003-06-02', 'Kediri, Indonesia', 'xi.rpl1', '081936635681', 'chuenkaisyah15@gmail.com', 'Manusia 284', 19),
(6191, 'Mar Atunnufita Sari', 'P', 'Nganjuk', '2003-05-02', 'Nganjuk, Indonesia', 'xi.rpl1', '085257742601', 'nupita36@gmail.com', 'Manusia 285', 19),
(6192, 'Mellyana Tundjung', 'P', 'Jombang', '2002-08-15', 'Jombang, Indonesia', 'xi.rpl1', '083831704093', 'tundjungmelly@gmail.com', 'Manusia 287', 19),
(6193, 'Mia Indi Rahayu', 'P', 'Nganjuk', '2003-03-10', 'Nganjuk, Indonesia', 'xi.rpl1', '089671043342', 'Aw814524@gmail.com', 'Manusia 288', 19),
(6194, 'Mohammad Istafid Fidllal Islam', 'L', 'Jombang', '2002-12-19', 'Jombang, Indonesia', 'xi.rpl2', '085232987961', 'tapitarg0000@gmail.com', 'Manusia 289', 19),
(6195, 'Muchammad Farid', 'L', 'Nganjuk', '2003-01-23', 'Nganjuk, Indonesia', 'xi.rpl2', '083846543760', 'muchammadfarid399@gmail.com', 'Manusia 290', 19),
(6196, 'Muh. Raffi Ramadhan', 'L', 'Nganjuk', '2002-11-24', 'Nganjuk, Indonesia', 'xi.rpl2', '08995787013', 'muhammadraffi2411@gmail.com', 'Manusia 291', 19),
(6198, 'Muhammad Bintang Ichtiar', 'L', 'Jombang', '2002-11-04', 'Jombang, Indonesia', 'xi.rpl2', '082338430418', 'kecilb647@gmail.com', 'Manusia 292', 19),
(6199, 'Nanang Abdul Cholil', 'L', 'Ngawi', '2002-07-27', 'Ngawi, Indonesia', 'xi.rpl2', '085895390189', 'nanangketegan1927@gmail.com', 'Manusia 293', 19),
(6200, 'Novita Ayu Ismawati', 'P', 'Nganjuk', '2002-11-23', 'Nganjuk, Indonesia', 'xi.rpl2', '081997974824', 'novitaismawati26@gmail.com', 'Manusia 294', 19),
(6201, 'Nurul Hamidatul Ala', 'P', 'Nganjuk', '2003-05-31', 'Nganjuk, Indonesia', 'xi.rpl2', '082338241780', 'alahamidatul@gmail.com', 'Manusia 295', 19),
(6202, 'Nyiurrahma Aurora Awaliyah', 'P', 'Nganjuk', '2003-06-20', 'Nganjuk, Indonesia', 'xi.rpl2', '0895395058487', 'nyiurrahmaaurora@gmail.com', 'Manusia 296', 19),
(6203, 'Pangestu Hadi Wijaya', 'L', 'Nganjuk', '2003-02-15', 'Nganjuk, Indonesia', 'xi.rpl2', '085890463856', 'jayapangestu73@gmail.com', 'Manusia 297', 19),
(6204, 'Perkasa Bayu Utama', 'L', 'Kediri', '2002-01-25', 'Kediri, Indonesia', 'xi.rpl2', '081915657446', 'bayuutama714@gmail.com', 'Manusia 298', 19),
(6205, 'Perkasa Yuda Utama', 'L', 'Kediri', '2002-01-25', 'Kediri, Indonesia', 'xii.rpl1', '083857416107', 'perkasayuda01@gmail.com', 'Manusia 299', 18),
(6206, 'Putri Nazila', 'P', 'Nganjuk', '2002-10-10', 'Nganjuk, Indonesia', 'xii.rpl1', '08977925766', 'nazilaxo@gmail.com', 'Manusia 300', 18),
(6207, 'Rahma Cahyani', 'P', 'Kediri', '2003-06-20', 'Kediri, Indonesia', 'xii.rpl1', '0895396015198', 'rahmacahyani9@gmail.com', 'Manusia 301', 18),
(6208, 'Rahmalia Ariani', 'P', 'Kediri', '2003-04-04', 'Kediri, Indonesia', 'xii.rpl1', '081335870219', 'Rahmaliaa8@gmail.com', 'Manusia 302', 18),
(6209, 'Rangga Dimas Prayoga', 'L', 'Nganjuk', '2002-12-04', 'Nganjuk, Indonesia', 'xii.rpl1', '081249012905', 'ranggadimas46@gmail.com', 'Manusia 303', 18),
(6210, 'Rangga Wahyu Irawan', 'L', 'Nganjuk', '2003-01-23', 'Nganjuk, Indonesia', 'xii.rpl1', '085866154500', 'ranggawahyuirawan1915@gmail.com', 'Manusia 304', 18),
(6211, 'Ravillya Shafa Ramadhani Suseno', 'P', 'Malang', '2002-11-13', 'Malang, Indonesia', 'xii.rpl1', '089505175794', 'ravillyashafa156@gmail.com', 'Manusia 305', 18),
(6212, 'Reni Ratna Sari', 'P', 'Nganjuk', '2003-05-03', 'Nganjuk, Indonesia', 'xii.rpl1', '085808441752', 'reniratna0305@gmail.com', 'Manusia 306', 18),
(6213, 'Retno Yunita Putri', 'P', 'Nganjuk', '2002-06-01', 'Nganjuk, Indonesia', 'xii.rpl1', '082140435428', 'retnoyunita162@gmail.com', 'Manusia 307', 18),
(6214, 'Rohma Darul Istiqomah', 'P', 'Nganjuk', '2002-11-29', 'Nganjuk, Indonesia', 'xii.rpl1', '082233845904', 'rohmadarul5@gmail.com', 'Manusia 308', 18),
(6215, 'Septi Eka Vera Mulya Sari', 'P', 'Nganjuk', '2003-09-23', 'Nganjuk, Indonesia', 'xii.rpl1', '082335736705', 'ekasepti245@gmail.com', 'Manusia 309', 18),
(6216, 'Setyawati', 'P', 'Nganjuk', '2002-09-10', 'Nganjuk, Indonesia', 'xii.rpl2', '085784842048', 'tyastywt@gmail.com', 'Manusia 310', 18),
(6217, 'Siska Aprilya', 'P', 'Nganjuk', '2003-04-14', 'Nganjuk, Indonesia', 'xii.rpl2', '085648957402', 'apriliasiska287@gmail.com', 'Manusia 311', 18),
(6218, 'Siti Rukanah', 'P', 'Nganjuk', '2001-11-04', 'Nganjuk, Indonesia', 'xii.rpl2', '085780921479', 'anarosmala04@gmail.com', 'Manusia 312', 18),
(6219, 'Sukma Meynda Sari', 'P', 'Kediri', '2003-05-06', 'Kediri, Indonesia', 'xii.rpl2', '087788906914', 'sukmamydd@gmail.com', 'Manusia 313', 18),
(6220, 'Syahdhanimahes Rayendra', 'L', 'Kediri', '2003-05-16', 'Kediri, Indonesia', 'xii.rpl2', '082301150572', 'yendramahes62@gmail.com', 'Manusia 314', 18),
(6221, 'Ulandari Setia Ningrum', 'P', 'Nganjuk', '2002-11-10', 'Nganjuk, Indonesia', 'xii.rpl2', '089681159552', 'ulandarisetian@gmail.com', 'Manusia 315', 18),
(6222, 'Vanni Dinda Prameswari', 'P', 'Nganjuk', '2002-08-26', 'Nganjuk, Indonesia', 'xii.rpl2', '085784093215', 'vannidindasutjuan02@gmail.com', 'Manusia 316', 18),
(6223, 'Wahyu Ramadhani', 'L', 'Nganjuk', '2002-11-13', 'Nganjuk, Indonesia', 'xii.rpl2', '081553317165', 'ramadhaniwahyu255@gmail.com', 'Manusia 317', 18),
(6224, 'Yessi Widya Valiana', 'P', 'Nganjuk', '2003-04-09', 'Nganjuk, Indonesia', 'xii.rpl2', '085655453958', 'yesiwidya01@gmail.com', 'Manusia 318', 18),
(6225, 'Yoga Kurniawan Wahyudi', 'L', 'Nganjuk', '2003-05-08', 'Nganjuk, Indonesia', 'xii.rpl2', '089666534148', 'yogak1811@gmail.com', 'Manusia 319', 18),
(6226, 'Yovanda Alvinan Mahendra', 'L', 'Nganjuk', '2003-01-07', 'Nganjuk, Indonesia', 'xii.rpl2', '089525485273', 'yovandaalvinanmahendra@gmail.com', 'Manusia 320', 18),
(6227, 'Yunita Wulandari', 'P', 'Kediri', '2002-06-18', 'Kediri, Indonesia', 'xii.rpl2', '085812223685', 'ywulandari837@gmail.com', 'Manusia 321', 18),
(6228, 'Aditya Wahyu Nugraha', 'L', 'Nganjuk', '2002-04-20', 'Nganjuk, Indonesia', 'x.tbg1', '082245407565', 'p4ij00ijo@gmail.com', 'Manusia 323', 20),
(6229, 'Agustin Wulandari', 'P', 'Nganjuk', '2002-08-10', 'Nganjuk, Indonesia', 'x.tbg1', '085904354619', 'wirvan599@gmail.com', 'Manusia 324', 20),
(6230, 'Aisyafah Azra Decha Maharani', 'P', 'Nganjuk', '2002-12-19', 'Nganjuk, Indonesia', 'x.tbg1', '081336253413', 'aisyafahmaharani@gmail.com', 'Manusia 325', 20),
(6231, 'Alya Salma Mustika', 'P', 'Nganjuk', '2003-04-27', 'Nganjuk, Indonesia', 'x.tbg1', '085816970585', 'alyamustika417@gmail.com', 'Manusia 326', 20),
(6232, 'Alyna Ardhiya Mangesti', 'P', 'Nganjuk', '2003-02-25', 'Nganjuk, Indonesia', 'x.tbg1', '085784307665', 'alynaardhiya285@gmail.com', 'Manusia 327', 20),
(6233, 'Amelia Meitasari', 'P', 'Nganjuk', '2003-05-21', 'Nganjuk, Indonesia', 'x.tbg2', '082338412349', 'amelilia890@gmail.com', 'Manusia 328', 20),
(6234, 'Ana Nur Septiani', 'P', 'Nganjuk', '2002-09-28', 'Nganjuk, Indonesia', 'x.tbg2', '089560178985', 'an812044@gmail.com', 'Manusia 329', 20),
(6235, 'Angela Tri Avrilya', 'P', 'Nganjuk', '2003-04-14', 'Nganjuk, Indonesia', 'x.tbg2', '085731298388', 'ams235618@gmail.com', 'Manusia 330', 20),
(6236, 'Anggi Yulianti', 'P', 'Dumai', '2002-07-16', 'Dumai, Indonesia', 'x.tbg2', '085608045774', 'anggifrd11@gmail.com', 'Manusia 331', 20),
(6237, 'Anisa Natalia Putri', 'P', 'Nganjuk', '2002-12-24', 'Nganjuk, Indonesia', 'x.tbg2', '081559765113', 'anisanatalia8856@gmail.com', 'Manusia 332', 20),
(6238, 'Aurora Amrita Sari', 'P', 'Nganjuk', '2003-05-31', 'Nganjuk, Indonesia', 'x.tbg2', '082243443814', 'aurorasari7@gmail.com', 'Manusia 333', 20),
(6240, 'Binti Madatul Ulya', 'P', 'Nganjuk', '2003-01-19', 'Nganjuk, Indonesia', 'xi.tbg1', '081333007612', 'liaajeng2003@gmail.com', 'Manusia 334', 19);
INSERT INTO `siswa` (`nis`, `nama_siswa`, `gender`, `tempat_lhr`, `tanggal_lhr`, `alamat`, `id_kelas`, `no_hp`, `email`, `nama_wali`, `id_spp`) VALUES
(6241, 'Cintia Dwi Permata Sari', 'P', 'Surabaya', '2003-07-16', 'Surabaya, Indonesia', 'xi.tbg1', '08977923962', 'cintiadwii94@gmail.com', 'Manusia 335', 19),
(6242, 'Defa Wahyu Saputra', 'L', 'Kediri', '2003-02-26', 'Kediri, Indonesia', 'xi.tbg1', '085792205883', 'wahyudefa407@gmail.com', 'Manusia 336', 19),
(6243, 'Dian Puspita Sari', 'P', 'Nganjuk', '2003-01-07', 'Nganjuk, Indonesia', 'xi.tbg1', '085648667023', 'dianpuspitaa07@gmail.com', 'Manusia 337', 19),
(6244, 'Dian Septiana', 'P', 'Kediri', '2002-09-06', 'Kediri, Indonesia', 'xi.tbg1', '082244669776', 'septianad613@gmail.com', 'Manusia 338', 19),
(6245, 'Dinda Oktaviana', 'P', 'Nganjuk', '2002-10-08', 'Nganjuk, Indonesia', 'xi.tbg1', '085706125482', 'DindaDinda@gmail.com', 'Manusia 339', 19),
(6246, 'Dita Ayu Wulandari', 'P', 'Nganjuk', '2002-05-01', 'Nganjuk, Indonesia', 'xi.tbg2', '85648841011', 'ditaa1667@gmail.com', 'Manusia 340', 19),
(6247, 'Dwi Kristanti', 'P', 'Kediri', '2002-04-21', 'Kediri, Indonesia', 'xi.tbg2', '089615100133', 'kristantidwi02@gmail.com', 'Manusia 341', 19),
(6248, 'Eli Nopitasari', 'P', 'Kediri', '2002-10-25', 'Kediri, Indonesia', 'xi.tbg2', '085645410043', 'elinopita2502@gmail.com', 'Manusia 342', 19),
(6249, 'Elvina Dwi Dara Pusfita', 'P', 'Kediri', '2002-12-24', 'Kediri, Indonesia', 'xi.tbg2', '082131847027', 'darapusfitadaraelvinadwi@gmail.com', 'Manusia 343', 19),
(6250, 'Fadila Umi Juniarni', 'P', 'Nganjuk', '2002-06-15', 'Nganjuk, Indonesia', 'xi.tbg2', '085645059962', 'umijunifadila@gmail.com', 'Manusia 344', 19),
(6251, 'Ferdiana Ayuningtyas', 'P', 'Nganjuk', '2003-02-06', 'Nganjuk, Indonesia', 'xi.tbg2', '085546083841', 'ferdinanayuningtyastyas@gmail.com', 'Manusia 345', 19),
(6252, 'Ferdita Ayu Kirana', 'P', 'Nganjuk', '2002-11-17', 'Nganjuk, Indonesia', 'xi.tbg2', '085790836706', 'ferdeetakirana@gmail.com', 'Manusia 346', 19),
(6253, 'Fildzi Hapzarini', 'P', 'Nganjuk', '2002-10-10', 'Nganjuk, Indonesia', 'xii.tbg1', '0895807697100', 'hapzarinif@gmail.com', 'Manusia 347', 18),
(6254, 'Finna Deshinta Patricia', 'P', 'Nganjuk', '2002-12-15', 'Nganjuk, Indonesia', 'xii.tbg1', '085859541092', 'finnadeshinta@gmail.com', 'Manusia 348', 18),
(6255, 'Firnanda Irapuspita', 'P', 'Surabaya', '2002-08-22', 'Surabaya, Indonesia', 'xii.tbg1', '085939314864', 'virnandaira063@gmail.com', 'Manusia 349', 18),
(6256, 'Fredy Prenandy', 'L', 'Nganjuk', '2003-09-17', 'Nganjuk, Indonesia', 'xii.tbg1', '085648443418', 'fredyprenandy@gmail.com', 'Manusia 350', 18),
(6257, 'Galung Jati Waluyo', 'L', 'Nganjuk', '2001-12-10', 'Nganjuk, Indonesia', 'xii.tbg1', '081233781540', 'Galungsenpai99@gmail.com', 'Manusia 351', 18),
(6258, 'Hendrik Dwi Cahyo', 'L', 'Nganjuk', '2002-09-22', 'Nganjuk, Indonesia', 'xii.tbg1', '081339841450', 'hendrik.dc88@gmail.com', 'Manusia 352', 18),
(6259, 'Juli Sun Maulany', 'P', 'Nganjuk', '2002-06-06', 'Nganjuk, Indonesia', 'xii.tbg2', '085855062018', 'julisunmaulany@gmail.com', 'Manusia 353', 18),
(6260, 'Kareenina Puspa Maharani', 'P', 'Nganjuk', '2003-03-08', 'Nganjuk, Indonesia', 'xii.tbg2', '085706456472', 'kareeninap@gmail.com', 'Manusia 354', 18),
(6261, 'Kholifatul Khusnah', 'P', 'Kediri', '2002-10-31', 'Kediri, Indonesia', 'xii.tbg2', '085645118371', 'kholifatulkhusnah414@gmail.com', 'Manusia 355', 18),
(6262, 'Kurnia Azizah', 'P', 'Kediri', '2003-04-02', 'Kediri, Indonesia', 'xii.tbg2', '081230921257', 'azizahkurnia827@gmail.com', 'Manusia 356', 18),
(6263, 'Lina Trisnawati Rahayu', 'P', 'Nganjuk', '2003-03-16', 'Nganjuk, Indonesia', 'xii.tbg2', '081232414168', 'linatrisnawati578@gmail.com', 'Manusia 357', 18),
(6299, 'Ade Rema Fernanda', 'P', 'Nganjuk', '2003-01-01', 'Nganjuk, Indonesia', 'x.tbs1', '081559766784', 'Argapradana@gmail.com', 'Manusia 359', 20),
(6300, 'Adinda Yunitasari', 'P', 'Nganjuk', '2003-06-27', 'Nganjuk, Indonesia', 'x.tbs1', '085226783652', 'ay6952194@gmail.com', 'Manusia 360', 20),
(6301, 'Amirotus Solekah', 'P', 'Nganjuk', '2002-12-26', 'Nganjuk, Indonesia', 'x.tbs1', '082331712766', 'amirotusolekah@gmail.com', 'Manusia 361', 20),
(6302, 'Ananda Utari', 'P', 'Nganjuk', '2002-10-29', 'Nganjuk, Indonesia', 'x.tbs1', '085608477668', 'anandautari87@gmail.com', 'Manusia 362', 20),
(6304, 'Anggie Diva Kharisma Kesuma Wardana', 'P', 'Indonesia', '2002-10-16', 'Jawa Timur, Indonesia', 'x.tbs1', '088764143489', 'anggiedivakharismakesumawardana@gmail.com', 'Manusia 363', 20),
(6305, 'Anita', 'P', 'Bojonegoro', '2003-03-11', 'Bojonegoro, Indonesia', 'x.tbs2', '085777407664', 'ssiiss1234567890@gmail.com', 'Manusia 364', 20),
(6306, 'Anjeli Laksmi Putri Pratama', 'P', 'Nganjuk', '2002-11-18', 'Nganjuk, Indonesia', 'x.tbs2', '081216628483', 'anjelipratama961@gmail.com', 'Manusia 365', 20),
(6307, 'Arsilia Wulan Dari', 'P', 'Nganjuk', '2002-09-14', 'Nganjuk, Indonesia', 'x.tbs2', '083115567752', 'arsiliawulandari@gmail.com', 'Manusia 366', 20),
(6308, 'Arvia Hidayatul Mustafidz', 'P', 'Nganjuk', '2003-06-03', 'Nganjuk, Indonesia', 'x.tbs2', '081357013494', 'arviahidayatul9108@gmail.com', 'Manusia 367', 20),
(6309, 'Asfiatul Laily Elsanti', 'P', 'Jombang', '2003-12-31', 'Jombang, Indonesia', 'x.tbs2', '0859180744648', 'asfialaili435@gmail.com', 'Manusia 368', 20),
(6310, 'Athiva Nur Sabiah', 'P', 'Nganjuk', '2003-06-17', 'Nganjuk, Indonesia', 'x.tbs2', '0895637954192', 'athivanursabiah@gmail.com', 'Manusia 369', 20),
(6311, 'Aura Luhur Rahma', 'P', 'Nganjuk', '2003-06-22', 'Nganjuk, Indonesia', 'xi.tbs1', '082114896819', 'auraluhurrahma@gmail.com', 'Manusia 370', 19),
(6312, 'Avira Ayu Anggraini', 'P', 'Nganjuk', '2003-09-09', 'Nganjuk, Indonesia', 'xi.tbs1', '081336479843', 'afiraaja4@gmail.com', 'Manusia 371', 19),
(6313, 'Ayu Eka Ashari', 'P', 'Nganjuk', '2003-02-08', 'Nganjuk, Indonesia', 'xi.tbs1', '085816548071', 'ayugbs02@gmail.com', 'Manusia 372', 19),
(6314, 'Cynthia Putri Aprilianti', 'P', 'Surabaya', '2002-04-24', 'Surabaya, Indonesia', 'xi.tbs1', '085730857518', 'cynthiaputri882@gmail.com', 'Manusia 373', 19),
(6315, 'Della Putri Mutika Windi', 'P', 'Nganjuk', '2002-12-24', 'Nganjuk, Indonesia', 'xi.tbs1', '087769638756', 'Windyputri978@gmail.com', 'Manusia 374', 19),
(6316, 'Devi Eka Sari', 'P', 'Nganjuk', '2002-09-27', 'Nganjuk, Indonesia', 'xi.tbs1', '085855913268', 'devieka2709@gmail.com', 'Manusia 375', 19),
(6317, 'Diah Ayu Ramadhani', 'P', 'Jombang', '2002-11-17', 'Jombang, Indonesia', 'xi.tbs2', '081259839152', 'diiahh50766@gmail.com', 'Manusia 376', 19),
(6318, 'Diyah Elno Larasati', 'P', 'Nganjuk', '2002-07-12', 'Nganjuk, Indonesia', 'xi.tbs2', '089655964507', 'diyahelno12@gmail.com', 'Manusia 377', 19),
(6319, 'Eliska Putri Prindarti', 'P', 'Kediri', '2002-10-30', 'Kediri, Indonesia', 'xi.tbs2', '083850256145', 'alislaputri@gmail.com', 'Manusia 378', 19),
(6320, 'Esti Laili Rahmawati', 'P', 'Nganjuk', '2002-07-31', 'Nganjuk, Indonesia', 'xi.tbs2', '081559769322', 'estilaili3107@gmail.com', 'Manusia 379', 19),
(6321, 'Evi Ika Marliani', 'P', 'Nganjuk', '2003-03-03', 'Nganjuk, Indonesia', 'xi.tbs2', '081559518773', 'eviikamarliani@gmail.com', 'Manusia 380', 19),
(6322, 'Evi Nurajizah', 'P', 'Kediri', '2003-07-20', 'Kediri, Indonesia', 'xi.tbs2', '082338119084', 'evinurajiza63@gmail.com', 'Manusia 381', 19),
(6323, 'Fayza Nur Akkillah', 'P', 'Jombang', '2003-11-15', 'Jombang, Indonesia', 'xii.tbs1', '085607567199', 'fayzana450@gmail.com', 'Manusia 382', 18),
(6324, 'Febi Hanum Badriyah', 'P', 'Nganjuk', '2003-02-10', 'Nganjuk, Indonesia', 'xii.tbs1', '081357175172', 'febihanum8@gmail.com', 'Manusia 383', 18),
(6325, 'Firda Heppy Maherdian', 'P', 'Nganjuk', '2003-02-03', 'Nganjuk, Indonesia', 'xii.tbs1', '081617132747', 'firdaheppymaherdian@gmail.com', 'Manusia 384', 18),
(6326, 'Gyas Febi Ariyanti', 'P', 'Nganjuk', '2003-02-27', 'Nganjuk, Indonesia', 'xii.tbs1', '085736549051', 'gyasfebia@gmail.com', 'Manusia 385', 18),
(6327, 'Hesti Putri Pratistha', 'P', 'Kediri', '2003-04-14', 'Kediri, Indonesia', 'xii.tbs1', '085850502793', 'sajahesti097@gmail.com', 'Manusia 386', 18),
(6328, 'Ike Rishma Novita Sari', 'P', 'Kediri', '2002-11-05', 'Kediri, Indonesia', 'xii.tbs1', '085808417199', 'rismanovita216@gmail.com', 'Manusia 387', 18),
(6329, 'Ilul Sinung Pramesti', 'P', 'Nganjuk', '2002-09-01', 'Nganjuk, Indonesia', 'xii.tbs2', '085733193736', 'ulilsaja@gmail.com', 'Manusia 388', 18),
(6330, 'Ira Kusumawati', 'P', 'Nganjuk', '2003-09-07', 'Nganjuk, Indonesia', 'xii.tbs2', '083119880637', 'irakusuma@gmail.com', 'Manusia 389', 18),
(6331, 'Irma Dwiyanti', 'P', 'Nganjuk', '2003-01-02', 'Nganjuk, Indonesia', 'xii.tbs2', '085798891145', 'dwiyantii200@gmail.com', 'Manusia 390', 18),
(6332, 'Kharisma Aulya Fadila', 'P', 'Kediri', '2003-05-28', 'Kediri, Indonesia', 'xii.tbs2', '085730112486', 'kharismaaulya47@gmail.com', 'Manusia 391', 18),
(6333, 'Libryana Putri Santoso', 'P', 'Nganjuk', '2002-10-04', 'Nganjuk, Indonesia', 'xii.tbs2', '085378884121', 'libryanaputrisantoso@gmail.com', 'Manusia 392', 18),
(6334, 'Liya Agustin', 'P', 'Nganjuk', '2002-08-04', 'Nganjuk, Indonesia', 'xii.tbs2', '081615867725', 'liyaagstn@gmail.com', 'Manusia 393', 18);

-- --------------------------------------------------------

--
-- Struktur dari tabel `spp`
--

CREATE TABLE `spp` (
  `id_spp` int(2) NOT NULL,
  `tahun` int(4) NOT NULL,
  `nominal` int(11) NOT NULL
) ENGINE=InnoDB DEFAULT CHARSET=utf8mb4;

--
-- Dumping data untuk tabel `spp`
--

INSERT INTO `spp` (`id_spp`, `tahun`, `nominal`) VALUES
(17, 2017, 120000),
(18, 2018, 140000),
(19, 2019, 160000),
(20, 2020, 180000);

--
-- Indexes for dumped tables
--

--
-- Indeks untuk tabel `foto_profile`
--
ALTER TABLE `foto_profile`
  ADD PRIMARY KEY (`id_user`);

--
-- Indeks untuk tabel `kelas`
--
ALTER TABLE `kelas`
  ADD PRIMARY KEY (`id_kelas`);

--
-- Indeks untuk tabel `login`
--
ALTER TABLE `login`
  ADD PRIMARY KEY (`id_user`);

--
-- Indeks untuk tabel `pembayaran`
--
ALTER TABLE `pembayaran`
  ADD PRIMARY KEY (`id_pembayaran`);

--
-- Indeks untuk tabel `petugas`
--
ALTER TABLE `petugas`
  ADD PRIMARY KEY (`id_petugas`,`username`,`email`,`no_hp`);

--
-- Indeks untuk tabel `siswa`
--
ALTER TABLE `siswa`
  ADD PRIMARY KEY (`nis`,`no_hp`,`email`);

--
-- Indeks untuk tabel `spp`
--
ALTER TABLE `spp`
  ADD PRIMARY KEY (`id_spp`,`tahun`);
COMMIT;

/*!40101 SET CHARACTER_SET_CLIENT=@OLD_CHARACTER_SET_CLIENT */;
/*!40101 SET CHARACTER_SET_RESULTS=@OLD_CHARACTER_SET_RESULTS */;
/*!40101 SET COLLATION_CONNECTION=@OLD_COLLATION_CONNECTION */;
